{
  "content": [
    {
      "id": "2fa454f1",
      "settings": {
        "flex_gap": {
          "size": 0,
          "column": "0",
          "row": "0",
          "unit": "px"
        },
        "box_shadow_box_shadow": {
          "horizontal": 30,
          "vertical": 30,
          "blur": 80,
          "spread": 0,
          "color": "rgba(0,0,0,0.1)"
        },
        "background_background": "classic",
        "background_color": "#ffffff",
        "border_radius": {
          "unit": "px",
          "top": "5",
          "right": "5",
          "bottom": "5",
          "left": "5",
          "isLinked": true
        },
        "box_shadow_box_shadow_type": "yes",
        "padding": {
          "unit": "px",
          "top": "48",
          "right": "35",
          "bottom": "15",
          "left": "35",
          "isLinked": false
        },
        "padding_tablet": {
          "unit": "px",
          "top": "35",
          "right": "15",
          "bottom": "35",
          "left": "15",
          "isLinked": false
        },
        "ekit_all_conditions_list": [
          {
            "_id": "4bd7736"
          }
        ],
        "ekit_section_parallax_multi_items": [],
        "flex_direction": "column",
        "flex_align_items": "stretch"
      },
      "elements": [
        {
          "id": "32d1f5e8",
          "settings": {
            "flex_gap": {
              "size": 15,
              "column": "15",
              "row": "15",
              "unit": "px"
            },
            "structure": "20",
            "ekit_all_conditions_list": [
              {
                "_id": "3ff5a62"
              }
            ],
            "ekit_section_parallax_multi_items": [],
            "flex_direction": "row",
            "flex_align_items": "stretch",
            "content_width": "full",
            "container_type": "grid",
            "grid_columns_grid": {
              "unit": "fr",
              "size": 2,
              "sizes": []
            },
            "grid_gaps": {
              "column": "30",
              "row": "36",
              "isLinked": false,
              "unit": "px"
            },
            "margin": {
              "unit": "px",
              "top": "0",
              "right": "0",
              "bottom": "0",
              "left": "0",
              "isLinked": false
            },
            "padding": {
              "unit": "px",
              "top": "0",
              "right": "30",
              "bottom": "36",
              "left": "30",
              "isLinked": false
            },
            "presetTitle": "Grid",
            "presetIcon": "eicon-container-grid"
          },
          "elements": [
            {
              "id": "61bbb42a",
              "settings": {
                "mf_input_label": "First Name",
                "mf_input_name": "mf-first-name",
                "mf_input_placeholder": "Anderson",
                "mf_input_help_text": "Enter your first name here",
                "mf_input_label_typography_typography": "custom",
                "mf_input_label_typography_font_family": "Helvetica",
                "mf_input_label_typography_font_size": {
                  "unit": "px",
                  "size": 18,
                  "sizes": []
                },
                "mf_input_label_typography_font_weight": "500",
                "mf_input_label_typography_line_height": {
                  "unit": "px",
                  "size": 21,
                  "sizes": []
                },
                "mf_input_min_length": 1,
                "mf_input_label_color": "#101010",
                "mf_input_label_margin": {
                  "unit": "px",
                  "top": "0",
                  "right": "0",
                  "bottom": "5",
                  "left": "0",
                  "isLinked": false
                },
                "mf_input_padding": {
                  "unit": "px",
                  "top": "15",
                  "right": "25",
                  "bottom": "15",
                  "left": "25",
                  "isLinked": false
                },
                "mf_input_color": "#101010",
                "mf_input_border_border": "solid",
                "mf_input_border_width": {
                  "unit": "px",
                  "top": "1",
                  "right": "1",
                  "bottom": "1",
                  "left": "1",
                  "isLinked": true
                },
                "mf_input_border_color": "#ededed",
                "mf_input_typgraphy_typography": "custom",
                "mf_input_typgraphy_font_family": "Helvetica",
                "mf_input_typgraphy_font_size": {
                  "unit": "px",
                  "size": 14,
                  "sizes": []
                },
                "mf_input_typgraphy_font_weight": "400",
                "mf_input_typgraphy_line_height": {
                  "unit": "px",
                  "size": 15,
                  "sizes": []
                },
                "mf_input_border_radius": {
                  "unit": "px",
                  "size": 5,
                  "sizes": []
                },
                "mf_input_box_shadow_box_shadow": {
                  "horizontal": 0,
                  "vertical": 3,
                  "blur": 5,
                  "spread": 0,
                  "color": "rgba(0,0,0,0.05)"
                },
                "mf_input_place_holder_typography_typography": "custom",
                "mf_input_place_holder_typography_font_family": "Helvetica",
                "mf_input_place_holder_typography_font_weight": "400",
                "mf_input_placeholder_color": "#999999",
                "mf_input_help_text_typography_typography": "custom",
                "mf_input_help_text_typography_font_family": "Helvetica",
                "mf_input_help_text_typography_font_size": {
                  "unit": "px",
                  "size": 12,
                  "sizes": []
                },
                "mf_input_help_text_typography_font_weight": "400",
                "mf_input_help_text_typography_font_style": "italic",
                "mf_input_help_text_typography_line_height": {
                  "unit": "px",
                  "size": 14,
                  "sizes": []
                },
                "mf_input_help_text_padding": {
                  "unit": "px",
                  "top": "3",
                  "right": "0",
                  "bottom": "0",
                  "left": "0",
                  "isLinked": false
                },
                "mf_input_required": "yes",
                "mf_input_required_indicator_color": "#FF0000",
                "mf_input_validation_warning_message": "This field is required.",
                "mf_input_help_text_color": "#555555",
                "mf_conditional_logic_form_list": [],
                "ekit_all_conditions_list": [
                  {
                    "_id": "2f7684e"
                  }
                ],
                "ekit_adv_tooltip_content": "Tooltip Content."
              },
              "elements": [],
              "isInner": false,
              "widgetType": "mf-text",
              "elType": "widget"
            },
            {
              "id": "23ef75d",
              "settings": {
                "mf_input_label": "Last Name",
                "mf_input_name": "mf-last-name",
                "mf_input_placeholder": "Mikoo",
                "mf_input_help_text": "Enter your last name here",
                "mf_input_label_color": "#101010",
                "mf_input_label_typography_typography": "custom",
                "mf_input_label_typography_font_family": "Helvetica",
                "mf_input_label_typography_font_size": {
                  "unit": "px",
                  "size": 18,
                  "sizes": []
                },
                "mf_input_label_typography_font_weight": "500",
                "mf_input_label_typography_line_height": {
                  "unit": "px",
                  "size": 21,
                  "sizes": []
                },
                "mf_input_label_margin": {
                  "unit": "px",
                  "top": "0",
                  "right": "0",
                  "bottom": "5",
                  "left": "0",
                  "isLinked": false
                },
                "mf_input_padding": {
                  "unit": "px",
                  "top": "15",
                  "right": "25",
                  "bottom": "15",
                  "left": "25",
                  "isLinked": false
                },
                "mf_input_color": "#101010",
                "mf_input_border_border": "solid",
                "mf_input_border_width": {
                  "unit": "px",
                  "top": "1",
                  "right": "1",
                  "bottom": "1",
                  "left": "1",
                  "isLinked": true
                },
                "mf_input_border_color": "#ededed",
                "mf_input_typgraphy_typography": "custom",
                "mf_input_typgraphy_font_family": "Helvetica",
                "mf_input_typgraphy_font_size": {
                  "unit": "px",
                  "size": 14,
                  "sizes": []
                },
                "mf_input_typgraphy_font_weight": "400",
                "mf_input_typgraphy_line_height": {
                  "unit": "px",
                  "size": 15,
                  "sizes": []
                },
                "mf_input_border_radius": {
                  "unit": "px",
                  "size": 5,
                  "sizes": []
                },
                "mf_input_box_shadow_box_shadow": {
                  "horizontal": 0,
                  "vertical": 3,
                  "blur": 5,
                  "spread": 0,
                  "color": "rgba(0,0,0,0.05)"
                },
                "mf_input_place_holder_typography_typography": "custom",
                "mf_input_place_holder_typography_font_family": "Helvetica",
                "mf_input_place_holder_typography_font_weight": "400",
                "mf_input_placeholder_color": "#999999",
                "mf_input_help_text_typography_typography": "custom",
                "mf_input_help_text_typography_font_family": "Helvetica",
                "mf_input_help_text_typography_font_size": {
                  "unit": "px",
                  "size": 12,
                  "sizes": []
                },
                "mf_input_help_text_typography_font_weight": "400",
                "mf_input_help_text_typography_font_style": "italic",
                "mf_input_help_text_typography_line_height": {
                  "unit": "px",
                  "size": 14,
                  "sizes": []
                },
                "mf_input_help_text_padding": {
                  "unit": "px",
                  "top": "3",
                  "right": "0",
                  "bottom": "0",
                  "left": "0",
                  "isLinked": false
                },
                "mf_input_required": "yes",
                "mf_input_required_indicator_color": "#FF0000",
                "mf_input_validation_warning_message": "This field is required.",
                "mf_input_help_text_color": "#555555",
                "mf_conditional_logic_form_list": [],
                "ekit_all_conditions_list": [
                  {
                    "_id": "9ae1e1c"
                  }
                ],
                "ekit_adv_tooltip_content": "Tooltip Content."
              },
              "elements": [],
              "isInner": false,
              "widgetType": "mf-text",
              "elType": "widget"
            },
            {
              "id": "553fb202",
              "settings": {
                "mf_input_label": "Email Address",
                "mf_input_name": "mf-email",
                "mf_input_placeholder": "",
                "mf_input_help_text": "Example: user@website.com",
                "mf_input_required": "yes",
                "mf_input_label_color": "#101010",
                "mf_input_label_typography_typography": "custom",
                "mf_input_label_typography_font_family": "Helvetica",
                "mf_input_label_typography_font_size": {
                  "unit": "px",
                  "size": 18,
                  "sizes": []
                },
                "mf_input_label_typography_font_weight": "500",
                "mf_input_label_typography_line_height": {
                  "unit": "px",
                  "size": 21,
                  "sizes": []
                },
                "mf_input_label_margin": {
                  "unit": "px",
                  "top": "0",
                  "right": "0",
                  "bottom": "5",
                  "left": "0",
                  "isLinked": false
                },
                "mf_input_required_indicator_color": "#FF0000",
                "mf_input_padding": {
                  "unit": "px",
                  "top": "15",
                  "right": "25",
                  "bottom": "15",
                  "left": "25",
                  "isLinked": false
                },
                "mf_input_color": "#101010",
                "mf_input_border_border": "solid",
                "mf_input_border_width": {
                  "unit": "px",
                  "top": "1",
                  "right": "1",
                  "bottom": "1",
                  "left": "1",
                  "isLinked": true
                },
                "mf_input_border_color": "#ededed",
                "mf_input_typgraphy_typography": "custom",
                "mf_input_typgraphy_font_family": "Helvetica",
                "mf_input_typgraphy_font_size": {
                  "unit": "px",
                  "size": 14,
                  "sizes": []
                },
                "mf_input_typgraphy_font_weight": "400",
                "mf_input_typgraphy_line_height": {
                  "unit": "px",
                  "size": 15,
                  "sizes": []
                },
                "mf_input_border_radius": {
                  "unit": "px",
                  "size": 5,
                  "sizes": []
                },
                "mf_input_box_shadow_box_shadow": {
                  "horizontal": 0,
                  "vertical": 3,
                  "blur": 5,
                  "spread": 0,
                  "color": "rgba(0,0,0,0.05)"
                },
                "mf_input_place_holder_typography_typography": "custom",
                "mf_input_place_holder_typography_font_family": "Helvetica",
                "mf_input_place_holder_typography_font_weight": "400",
                "mf_input_placeholder_color": "#999999",
                "mf_input_help_text_typography_typography": "custom",
                "mf_input_help_text_typography_font_family": "Helvetica",
                "mf_input_help_text_typography_font_size": {
                  "unit": "px",
                  "size": 12,
                  "sizes": []
                },
                "mf_input_help_text_typography_font_weight": "400",
                "mf_input_help_text_typography_font_style": "italic",
                "mf_input_help_text_typography_line_height": {
                  "unit": "px",
                  "size": 14,
                  "sizes": []
                },
                "mf_input_help_text_padding": {
                  "unit": "px",
                  "top": "3",
                  "right": "0",
                  "bottom": "0",
                  "left": "0",
                  "isLinked": false
                },
                "mf_input_validation_warning_message": "This field is required.",
                "mf_input_help_text_color": "#555555",
                "mf_conditional_logic_form_list": [],
                "ekit_all_conditions_list": [
                  {
                    "_id": "37ef8b7"
                  }
                ],
                "ekit_adv_tooltip_content": "Tooltip Content."
              },
              "elements": [],
              "isInner": false,
              "widgetType": "mf-email",
              "elType": "widget"
            },
            {
              "id": "6114195a",
              "settings": {
                "mf_input_label": "Phone Number",
                "mf_input_name": "mf-phone",
                "mf_input_placeholder": "",
                "mf_input_help_text": "Example: +1 212-695-1962",
                "mf_input_required": "yes",
                "mf_input_label_color": "#101010",
                "mf_input_label_typography_typography": "custom",
                "mf_input_label_typography_font_family": "Helvetica",
                "mf_input_label_typography_font_size": {
                  "unit": "px",
                  "size": 18,
                  "sizes": []
                },
                "mf_input_label_typography_font_weight": "500",
                "mf_input_label_typography_line_height": {
                  "unit": "px",
                  "size": 21,
                  "sizes": []
                },
                "mf_input_label_margin": {
                  "unit": "px",
                  "top": "0",
                  "right": "0",
                  "bottom": "5",
                  "left": "0",
                  "isLinked": false
                },
                "mf_input_required_indicator_color": "#FF0000",
                "mf_input_padding": {
                  "unit": "px",
                  "top": "15",
                  "right": "25",
                  "bottom": "15",
                  "left": "25",
                  "isLinked": false
                },
                "mf_input_color": "#101010",
                "mf_input_border_border": "solid",
                "mf_input_border_width": {
                  "unit": "px",
                  "top": "1",
                  "right": "1",
                  "bottom": "1",
                  "left": "1",
                  "isLinked": true
                },
                "mf_input_border_color": "#ededed",
                "mf_input_typgraphy_typography": "custom",
                "mf_input_typgraphy_font_family": "Helvetica",
                "mf_input_typgraphy_font_size": {
                  "unit": "px",
                  "size": 14,
                  "sizes": []
                },
                "mf_input_typgraphy_font_weight": "400",
                "mf_input_typgraphy_line_height": {
                  "unit": "px",
                  "size": 15,
                  "sizes": []
                },
                "mf_input_border_radius": {
                  "unit": "px",
                  "size": 5,
                  "sizes": []
                },
                "mf_input_box_shadow_box_shadow": {
                  "horizontal": 0,
                  "vertical": 3,
                  "blur": 5,
                  "spread": 0,
                  "color": "rgba(0,0,0,0.05)"
                },
                "mf_input_place_holder_typography_typography": "custom",
                "mf_input_place_holder_typography_font_family": "Helvetica",
                "mf_input_place_holder_typography_font_weight": "400",
                "mf_input_placeholder_color": "#999999",
                "mf_input_help_text_typography_typography": "custom",
                "mf_input_help_text_typography_font_family": "Helvetica",
                "mf_input_help_text_typography_font_size": {
                  "unit": "px",
                  "size": 12,
                  "sizes": []
                },
                "mf_input_help_text_typography_font_weight": "400",
                "mf_input_help_text_typography_font_style": "italic",
                "mf_input_help_text_typography_line_height": {
                  "unit": "px",
                  "size": 14,
                  "sizes": []
                },
                "mf_input_help_text_padding": {
                  "unit": "px",
                  "top": "3",
                  "right": "0",
                  "bottom": "0",
                  "left": "0",
                  "isLinked": false
                },
                "mf_input_validation_warning_message": "This field is required.",
                "mf_input_help_text_color": "#555555",
                "mf_conditional_logic_form_list": [],
                "ekit_all_conditions_list": [
                  {
                    "_id": "3c96ae9"
                  }
                ],
                "ekit_adv_tooltip_content": "Tooltip Content."
              },
              "elements": [],
              "isInner": false,
              "widgetType": "mf-telephone",
              "elType": "widget"
            }
          ],
          "isInner": true,
          "elType": "container"
        },
        {
          "id": "58ebd47a",
          "settings": {
            "mf_input_label": "Preferred Method of Contact",
            "mf_input_name": "mf-preferred-method-of-contact",
            "mf_input_display_option": "block",
            "mf_input_list": [
              {
                "mf_input_option_text": "Email",
                "mf_input_option_value": "male",
                "_id": "87f3be6"
              },
              {
                "mf_input_option_text": "Phone",
                "mf_input_option_value": "female",
                "_id": "02d4f80"
              },
              {
                "mf_input_option_text": "Either",
                "mf_input_option_value": "either",
                "_id": "87337a0"
              }
            ],
            "mf_input_label_color": "#101010",
            "mf_input_label_typography_typography": "custom",
            "mf_input_label_typography_font_family": "Helvetica",
            "mf_input_label_typography_font_size": {
              "unit": "px",
              "size": 18,
              "sizes": []
            },
            "mf_input_label_typography_font_weight": "500",
            "mf_input_label_typography_line_height": {
              "unit": "px",
              "size": 21,
              "sizes": []
            },
            "mf_input_label_margin": {
              "unit": "px",
              "top": "0",
              "right": "0",
              "bottom": "5",
              "left": "0",
              "isLinked": false
            },
            "mf_input_required_indicator_color": "#FF0000",
            "mf_input_typgraphy_typography": "custom",
            "mf_input_typgraphy_font_family": "Helvetica",
            "mf_input_typgraphy_font_size": {
              "unit": "px",
              "size": 14,
              "sizes": []
            },
            "mf_input_typgraphy_line_height": {
              "unit": "px",
              "size": 15,
              "sizes": []
            },
            "mf_input_help_text_typography_typography": "custom",
            "mf_input_help_text_typography_font_family": "Helvetica",
            "mf_input_help_text_typography_font_size": {
              "unit": "px",
              "size": 12,
              "sizes": []
            },
            "mf_input_help_text_typography_font_weight": "400",
            "mf_input_help_text_typography_font_style": "italic",
            "mf_input_help_text_typography_line_height": {
              "unit": "px",
              "size": 14,
              "sizes": []
            },
            "mf_input_help_text_padding": {
              "unit": "px",
              "top": "3",
              "right": "0",
              "bottom": "0",
              "left": "0",
              "isLinked": false
            },
            "mf_input_option_color": "#666666",
            "mf_input_option_icon_color": "#959595",
            "mf_input_required": "yes",
            "mf_input_typgraphy_font_weight": "400",
            "mf_input_option_padding": {
              "unit": "px",
              "top": "11",
              "right": "0",
              "bottom": "0",
              "left": "0",
              "isLinked": false
            },
            "mf_input_option_icon_horizontal_position": {
              "unit": "px",
              "size": -1,
              "sizes": []
            },
            "mf_input_typgraphy_text_typography": "custom",
            "mf_input_typgraphy_text_font_family": "Helvetica",
            "mf_input_typgraphy_text_font_size": {
              "unit": "px",
              "size": 18,
              "sizes": []
            },
            "mf_input_typgraphy_text_font_weight": "400",
            "mf_input_typgraphy_text_line_height": {
              "unit": "px",
              "size": 21,
              "sizes": []
            },
            "mf_input_validation_warning_message": "This field is required.",
            "mf_input_help_text_color": "#555555",
            "mf_conditional_logic_form_list": [],
            "ekit_all_conditions_list": [
              {
                "_id": "f867831"
              }
            ],
            "ekit_adv_tooltip_content": "Tooltip Content.",
            "_margin": {
              "unit": "px",
              "top": "0",
              "right": "0",
              "bottom": "0",
              "left": "0",
              "isLinked": false
            },
            "_padding": {
              "unit": "px",
              "top": "0",
              "right": "30",
              "bottom": "0",
              "left": "30",
              "isLinked": false
            }
          },
          "elements": [],
          "isInner": false,
          "widgetType": "mf-radio",
          "elType": "widget"
        },
        {
          "id": "88ebb60",
          "settings": {
            "mf_input_label": "Preferred Type of Trip",
            "mf_input_name": "mf-type-of-trip",
            "mf_input_display_option": "block",
            "mf_input_list": [
              {
                "mf_input_option_text": "One Way",
                "mf_input_option_value": "one-way",
                "_id": "87f3be6"
              },
              {
                "mf_input_option_text": "Round Trip",
                "mf_input_option_value": "round-trip",
                "_id": "02d4f80"
              },
              {
                "mf_input_option_text": "Hourly",
                "mf_input_option_value": "hourly",
                "_id": "87337a0"
              }
            ],
            "mf_input_label_color": "#101010",
            "mf_input_label_typography_typography": "custom",
            "mf_input_label_typography_font_family": "Helvetica",
            "mf_input_label_typography_font_size": {
              "unit": "px",
              "size": 18,
              "sizes": []
            },
            "mf_input_label_typography_font_weight": "500",
            "mf_input_label_typography_line_height": {
              "unit": "px",
              "size": 21,
              "sizes": []
            },
            "mf_input_label_margin": {
              "unit": "px",
              "top": "0",
              "right": "0",
              "bottom": "5",
              "left": "0",
              "isLinked": false
            },
            "mf_input_required_indicator_color": "#FF0000",
            "mf_input_typgraphy_typography": "custom",
            "mf_input_typgraphy_font_family": "Helvetica",
            "mf_input_typgraphy_font_size": {
              "unit": "px",
              "size": 14,
              "sizes": []
            },
            "mf_input_typgraphy_line_height": {
              "unit": "px",
              "size": 15,
              "sizes": []
            },
            "mf_input_help_text_typography_typography": "custom",
            "mf_input_help_text_typography_font_family": "Helvetica",
            "mf_input_help_text_typography_font_size": {
              "unit": "px",
              "size": 12,
              "sizes": []
            },
            "mf_input_help_text_typography_font_weight": "400",
            "mf_input_help_text_typography_font_style": "italic",
            "mf_input_help_text_typography_line_height": {
              "unit": "px",
              "size": 14,
              "sizes": []
            },
            "mf_input_help_text_padding": {
              "unit": "px",
              "top": "3",
              "right": "0",
              "bottom": "0",
              "left": "0",
              "isLinked": false
            },
            "_padding": {
              "unit": "px",
              "top": "34",
              "right": "30",
              "bottom": "0",
              "left": "30",
              "isLinked": false
            },
            "mf_input_option_color": "#666666",
            "mf_input_option_icon_color": "#959595",
            "mf_input_required": "yes",
            "mf_input_typgraphy_font_weight": "400",
            "mf_input_option_padding": {
              "unit": "px",
              "top": "11",
              "right": "0",
              "bottom": "0",
              "left": "0",
              "isLinked": false
            },
            "mf_input_option_icon_horizontal_position": {
              "unit": "px",
              "size": -1,
              "sizes": []
            },
            "mf_input_typgraphy_text_typography": "custom",
            "mf_input_typgraphy_text_font_family": "Helvetica",
            "mf_input_typgraphy_text_font_size": {
              "unit": "px",
              "size": 18,
              "sizes": []
            },
            "mf_input_typgraphy_text_font_weight": "400",
            "mf_input_typgraphy_text_line_height": {
              "unit": "px",
              "size": 21,
              "sizes": []
            },
            "mf_input_validation_warning_message": "This field is required.",
            "mf_input_help_text_color": "#555555",
            "mf_conditional_logic_form_list": [],
            "ekit_all_conditions_list": [
              {
                "_id": "5a512f1"
              }
            ],
            "ekit_adv_tooltip_content": "Tooltip Content.",
            "_margin": {
              "unit": "px",
              "top": "0",
              "right": "0",
              "bottom": "0",
              "left": "0",
              "isLinked": false
            }
          },
          "elements": [],
          "isInner": false,
          "widgetType": "mf-radio",
          "elType": "widget"
        },
        {
          "id": "a0d100",
          "settings": {
            "flex_gap": {
              "size": 15,
              "column": "15",
              "row": "15",
              "unit": "px"
            },
            "structure": "20",
            "ekit_all_conditions_list": [
              {
                "_id": "b9cf899"
              }
            ],
            "ekit_section_parallax_multi_items": [],
            "flex_direction": "row",
            "flex_align_items": "stretch",
            "content_width": "full",
            "container_type": "grid",
            "grid_columns_grid": {
              "unit": "fr",
              "size": 2,
              "sizes": []
            },
            "grid_gaps": {
              "column": "30",
              "row": "36",
              "isLinked": false,
              "unit": "px"
            },
            "margin": {
              "unit": "px",
              "top": "0",
              "right": "0",
              "bottom": "0",
              "left": "0",
              "isLinked": false
            },
            "padding": {
              "unit": "px",
              "top": "34",
              "right": "30",
              "bottom": "36",
              "left": "30",
              "isLinked": false
            },
            "presetTitle": "Grid",
            "presetIcon": "eicon-container-grid"
          },
          "elements": [
            {
              "id": "5972ae90",
              "settings": {
                "mf_input_label": "Number of Passengers",
                "mf_input_name": "mf-number-of-passengers",
                "mf_input_list": [
                  {
                    "mf_input_option_text": "1-2 Persons",
                    "mf_input_option_value": "1-2-persons",
                    "_id": "7a5672c"
                  },
                  {
                    "mf_input_option_text": "2-5 Persons",
                    "mf_input_option_value": "2-5-persons",
                    "_id": "67edbc9"
                  },
                  {
                    "mf_input_option_text": "5+ Persons",
                    "mf_input_option_value": "5-plus-persons",
                    "_id": "8124e33"
                  }
                ],
                "mf_input_label_color": "#101010",
                "mf_input_label_typography_typography": "custom",
                "mf_input_label_typography_font_family": "Helvetica",
                "mf_input_label_typography_font_size": {
                  "unit": "px",
                  "size": 18,
                  "sizes": []
                },
                "mf_input_label_typography_font_weight": "500",
                "mf_input_label_typography_line_height": {
                  "unit": "px",
                  "size": 21,
                  "sizes": []
                },
                "mf_input_label_margin": {
                  "unit": "px",
                  "top": "0",
                  "right": "0",
                  "bottom": "5",
                  "left": "0",
                  "isLinked": false
                },
                "mf_input_required_indicator_color": "#FF0000",
                "mf_input_padding": {
                  "unit": "px",
                  "top": "13",
                  "right": "25",
                  "bottom": "13",
                  "left": "25",
                  "isLinked": false
                },
                "mf_input_color": "#101010",
                "mf_input_border_border": "solid",
                "mf_input_border_width": {
                  "unit": "px",
                  "top": "1",
                  "right": "1",
                  "bottom": "1",
                  "left": "1",
                  "isLinked": true
                },
                "mf_input_border_color": "#ededed",
                "mf_input_typgraphy_typography": "custom",
                "mf_input_typgraphy_font_family": "Helvetica",
                "mf_input_typgraphy_font_size": {
                  "unit": "px",
                  "size": 14,
                  "sizes": []
                },
                "mf_input_typgraphy_font_weight": "400",
                "mf_input_typgraphy_line_height": {
                  "unit": "px",
                  "size": 15,
                  "sizes": []
                },
                "mf_input_border_radius": {
                  "unit": "px",
                  "size": 5,
                  "sizes": []
                },
                "mf_input_box_shadow_box_shadow": {
                  "horizontal": 0,
                  "vertical": 3,
                  "blur": 5,
                  "spread": 0,
                  "color": "rgba(0,0,0,0.05)"
                },
                "mf_input_help_text_typography_typography": "custom",
                "mf_input_help_text_typography_font_family": "Helvetica",
                "mf_input_help_text_typography_font_size": {
                  "unit": "px",
                  "size": 12,
                  "sizes": []
                },
                "mf_input_help_text_typography_font_weight": "400",
                "mf_input_help_text_typography_font_style": "italic",
                "mf_input_help_text_typography_line_height": {
                  "unit": "px",
                  "size": 14,
                  "sizes": []
                },
                "mf_input_help_text_padding": {
                  "unit": "px",
                  "top": "3",
                  "right": "0",
                  "bottom": "0",
                  "left": "0",
                  "isLinked": false
                },
                "mf_input_placeholder": "Select",
                "mf_input_validation_warning_message": "This field is required.",
                "mf_input_place_holder_typography_typography": "custom",
                "mf_input_place_holder_typography_font_family": "Helvetica",
                "mf_input_place_holder_typography_font_weight": "400",
                "mf_input_placeholder_color": "#999999",
                "mf_input_help_text_color": "#555555",
                "mf_conditional_logic_form_list": [],
                "ekit_all_conditions_list": [
                  {
                    "_id": "d60ca86"
                  }
                ],
                "ekit_adv_tooltip_content": "Tooltip Content."
              },
              "elements": [],
              "isInner": false,
              "widgetType": "mf-select",
              "elType": "widget"
            },
            {
              "id": "11829817",
              "settings": {
                "mf_input_label": "Number of Hours",
                "mf_input_name": "mf-number-of-hours",
                "mf_input_list": [
                  {
                    "mf_input_option_text": "1 Hour",
                    "mf_input_option_value": "1-hour",
                    "_id": "7a5672c"
                  },
                  {
                    "mf_input_option_text": "2 Hours",
                    "mf_input_option_value": "2-hours",
                    "_id": "67edbc9"
                  },
                  {
                    "mf_input_option_text": "3 Hours",
                    "mf_input_option_value": "3-hours",
                    "_id": "8124e33"
                  }
                ],
                "mf_input_label_color": "#101010",
                "mf_input_label_typography_typography": "custom",
                "mf_input_label_typography_font_family": "Helvetica",
                "mf_input_label_typography_font_size": {
                  "unit": "px",
                  "size": 18,
                  "sizes": []
                },
                "mf_input_label_typography_font_weight": "500",
                "mf_input_label_typography_line_height": {
                  "unit": "px",
                  "size": 21,
                  "sizes": []
                },
                "mf_input_label_margin": {
                  "unit": "px",
                  "top": "0",
                  "right": "0",
                  "bottom": "5",
                  "left": "0",
                  "isLinked": false
                },
                "mf_input_required_indicator_color": "#FF0000",
                "mf_input_padding": {
                  "unit": "px",
                  "top": "13",
                  "right": "25",
                  "bottom": "13",
                  "left": "25",
                  "isLinked": false
                },
                "mf_input_color": "#101010",
                "mf_input_border_border": "solid",
                "mf_input_border_width": {
                  "unit": "px",
                  "top": "1",
                  "right": "1",
                  "bottom": "1",
                  "left": "1",
                  "isLinked": true
                },
                "mf_input_border_color": "#ededed",
                "mf_input_typgraphy_typography": "custom",
                "mf_input_typgraphy_font_family": "Helvetica",
                "mf_input_typgraphy_font_size": {
                  "unit": "px",
                  "size": 14,
                  "sizes": []
                },
                "mf_input_typgraphy_font_weight": "400",
                "mf_input_typgraphy_line_height": {
                  "unit": "px",
                  "size": 15,
                  "sizes": []
                },
                "mf_input_border_radius": {
                  "unit": "px",
                  "size": 5,
                  "sizes": []
                },
                "mf_input_box_shadow_box_shadow": {
                  "horizontal": 0,
                  "vertical": 3,
                  "blur": 5,
                  "spread": 0,
                  "color": "rgba(0,0,0,0.05)"
                },
                "mf_input_help_text_typography_typography": "custom",
                "mf_input_help_text_typography_font_family": "Helvetica",
                "mf_input_help_text_typography_font_size": {
                  "unit": "px",
                  "size": 12,
                  "sizes": []
                },
                "mf_input_help_text_typography_font_weight": "400",
                "mf_input_help_text_typography_font_style": "italic",
                "mf_input_help_text_typography_line_height": {
                  "unit": "px",
                  "size": 14,
                  "sizes": []
                },
                "mf_input_help_text_padding": {
                  "unit": "px",
                  "top": "3",
                  "right": "0",
                  "bottom": "0",
                  "left": "0",
                  "isLinked": false
                },
                "mf_input_placeholder": "Select",
                "mf_input_validation_warning_message": "This field is required.",
                "mf_input_place_holder_typography_typography": "custom",
                "mf_input_place_holder_typography_font_family": "Helvetica",
                "mf_input_place_holder_typography_font_weight": "400",
                "mf_input_placeholder_color": "#999999",
                "mf_input_help_text_color": "#555555",
                "mf_conditional_logic_form_list": [],
                "ekit_all_conditions_list": [
                  {
                    "_id": "810a043"
                  }
                ],
                "ekit_adv_tooltip_content": "Tooltip Content."
              },
              "elements": [],
              "isInner": false,
              "widgetType": "mf-select",
              "elType": "widget"
            },
            {
              "id": "2ce90e4d",
              "settings": {
                "mf_input_label": "Zip Code",
                "mf_input_name": "mf-zip",
                "mf_input_placeholder": "",
                "mf_input_help_text": "Example: 12207",
                "mf_input_required": "yes",
                "mf_input_label_color": "#101010",
                "mf_input_label_typography_typography": "custom",
                "mf_input_label_typography_font_family": "Helvetica",
                "mf_input_label_typography_font_size": {
                  "unit": "px",
                  "size": 18,
                  "sizes": []
                },
                "mf_input_label_typography_font_weight": "500",
                "mf_input_label_typography_line_height": {
                  "unit": "px",
                  "size": 21,
                  "sizes": []
                },
                "mf_input_label_margin": {
                  "unit": "px",
                  "top": "0",
                  "right": "0",
                  "bottom": "5",
                  "left": "0",
                  "isLinked": false
                },
                "mf_input_required_indicator_color": "#FF0000",
                "mf_input_padding": {
                  "unit": "px",
                  "top": "15",
                  "right": "25",
                  "bottom": "15",
                  "left": "25",
                  "isLinked": false
                },
                "mf_input_color": "#101010",
                "mf_input_border_border": "solid",
                "mf_input_border_width": {
                  "unit": "px",
                  "top": "1",
                  "right": "1",
                  "bottom": "1",
                  "left": "1",
                  "isLinked": true
                },
                "mf_input_border_color": "#ededed",
                "mf_input_typgraphy_typography": "custom",
                "mf_input_typgraphy_font_family": "Helvetica",
                "mf_input_typgraphy_font_size": {
                  "unit": "px",
                  "size": 14,
                  "sizes": []
                },
                "mf_input_typgraphy_font_weight": "400",
                "mf_input_typgraphy_line_height": {
                  "unit": "px",
                  "size": 15,
                  "sizes": []
                },
                "mf_input_border_radius": {
                  "unit": "px",
                  "size": 5,
                  "sizes": []
                },
                "mf_input_box_shadow_box_shadow": {
                  "horizontal": 0,
                  "vertical": 3,
                  "blur": 5,
                  "spread": 0,
                  "color": "rgba(0,0,0,0.05)"
                },
                "mf_input_place_holder_typography_typography": "custom",
                "mf_input_place_holder_typography_font_family": "Helvetica",
                "mf_input_place_holder_typography_font_weight": "400",
                "mf_input_placeholder_color": "#999999",
                "mf_input_help_text_typography_typography": "custom",
                "mf_input_help_text_typography_font_family": "Helvetica",
                "mf_input_help_text_typography_font_size": {
                  "unit": "px",
                  "size": 12,
                  "sizes": []
                },
                "mf_input_help_text_typography_font_weight": "400",
                "mf_input_help_text_typography_font_style": "italic",
                "mf_input_help_text_typography_line_height": {
                  "unit": "px",
                  "size": 14,
                  "sizes": []
                },
                "mf_input_help_text_padding": {
                  "unit": "px",
                  "top": "3",
                  "right": "0",
                  "bottom": "0",
                  "left": "0",
                  "isLinked": false
                },
                "mf_input_validation_warning_message": "This field is required.",
                "mf_input_help_text_color": "#555555",
                "mf_conditional_logic_form_list": [],
                "ekit_all_conditions_list": [
                  {
                    "_id": "28839ec"
                  }
                ],
                "ekit_adv_tooltip_content": "Tooltip Content."
              },
              "elements": [],
              "isInner": false,
              "widgetType": "mf-number",
              "elType": "widget"
            },
            {
              "id": "11f753c3",
              "settings": {
                "mf_input_label": "Country",
                "mf_input_name": "mf-country",
                "mf_input_list": [
                  {
                    "mf_input_option_text": "Select Country",
                    "mf_input_option_value": "",
                    "mf_input_option_status": "disabled",
                    "_id": "7d0ce81"
                  },
                  {
                    "mf_input_option_text": "United States",
                    "mf_input_option_value": "united-states",
                    "_id": "21364bb"
                  },
                  {
                    "mf_input_option_text": "Canada",
                    "mf_input_option_value": "canada",
                    "_id": "e821a30"
                  },
                  {
                    "mf_input_option_text": "Australia",
                    "mf_input_option_value": "australia",
                    "_id": "03640f9"
                  },
                  {
                    "mf_input_option_text": "Japan",
                    "mf_input_option_value": "japan",
                    "_id": "11c299f"
                  }
                ],
                "mf_input_required": "yes",
                "mf_input_label_color": "#101010",
                "mf_input_label_typography_typography": "custom",
                "mf_input_label_typography_font_family": "Helvetica",
                "mf_input_label_typography_font_size": {
                  "unit": "px",
                  "size": 18,
                  "sizes": []
                },
                "mf_input_label_typography_font_weight": "500",
                "mf_input_label_typography_line_height": {
                  "unit": "px",
                  "size": 21,
                  "sizes": []
                },
                "mf_input_label_margin": {
                  "unit": "px",
                  "top": "0",
                  "right": "0",
                  "bottom": "5",
                  "left": "0",
                  "isLinked": false
                },
                "mf_input_required_indicator_color": "#FF0000",
                "mf_input_padding": {
                  "unit": "px",
                  "top": "13",
                  "right": "25",
                  "bottom": "13",
                  "left": "25",
                  "isLinked": false
                },
                "mf_input_color": "#101010",
                "mf_input_border_border": "solid",
                "mf_input_border_width": {
                  "unit": "px",
                  "top": "1",
                  "right": "1",
                  "bottom": "1",
                  "left": "1",
                  "isLinked": true
                },
                "mf_input_border_color": "#ededed",
                "mf_input_typgraphy_typography": "custom",
                "mf_input_typgraphy_font_family": "Helvetica",
                "mf_input_typgraphy_font_size": {
                  "unit": "px",
                  "size": 14,
                  "sizes": []
                },
                "mf_input_typgraphy_font_weight": "400",
                "mf_input_typgraphy_line_height": {
                  "unit": "px",
                  "size": 15,
                  "sizes": []
                },
                "mf_input_border_radius": {
                  "unit": "px",
                  "size": 5,
                  "sizes": []
                },
                "mf_input_box_shadow_box_shadow": {
                  "horizontal": 0,
                  "vertical": 3,
                  "blur": 5,
                  "spread": 0,
                  "color": "rgba(0,0,0,0.05)"
                },
                "mf_input_help_text_typography_typography": "custom",
                "mf_input_help_text_typography_font_family": "Helvetica",
                "mf_input_help_text_typography_font_size": {
                  "unit": "px",
                  "size": 12,
                  "sizes": []
                },
                "mf_input_help_text_typography_font_weight": "400",
                "mf_input_help_text_typography_font_style": "italic",
                "mf_input_help_text_typography_line_height": {
                  "unit": "px",
                  "size": 14,
                  "sizes": []
                },
                "mf_input_help_text_padding": {
                  "unit": "px",
                  "top": "3",
                  "right": "0",
                  "bottom": "0",
                  "left": "0",
                  "isLinked": false
                },
                "mf_input_help_text": "Select your Country",
                "mf_input_placeholder": "Select",
                "mf_input_validation_warning_message": "This field is required.",
                "mf_input_place_holder_typography_typography": "custom",
                "mf_input_place_holder_typography_font_family": "Helvetica",
                "mf_input_place_holder_typography_font_weight": "400",
                "mf_input_placeholder_color": "#999999",
                "mf_input_help_text_color": "#555555",
                "mf_conditional_logic_form_list": [],
                "ekit_all_conditions_list": [
                  {
                    "_id": "63b6c6d"
                  }
                ],
                "ekit_adv_tooltip_content": "Tooltip Content."
              },
              "elements": [],
              "isInner": false,
              "widgetType": "mf-select",
              "elType": "widget"
            }
          ],
          "isInner": true,
          "elType": "container"
        },
        {
          "id": "69f8f2b5",
          "settings": {
            "mf_input_label": "Comments/Special Requests",
            "mf_input_name": "mf-comments",
            "mf_input_placeholder": "",
            "mf_input_required": "yes",
            "mf_input_label_color": "#101010",
            "mf_input_label_typography_typography": "custom",
            "mf_input_label_typography_font_family": "Helvetica",
            "mf_input_label_typography_font_size": {
              "unit": "px",
              "size": 18,
              "sizes": []
            },
            "mf_input_label_typography_font_weight": "500",
            "mf_input_label_typography_line_height": {
              "unit": "px",
              "size": 21,
              "sizes": []
            },
            "mf_input_label_margin": {
              "unit": "px",
              "top": "0",
              "right": "0",
              "bottom": "5",
              "left": "0",
              "isLinked": false
            },
            "mf_input_required_indicator_color": "#FF0000",
            "mf_input_padding": {
              "unit": "px",
              "top": "15",
              "right": "25",
              "bottom": "15",
              "left": "25",
              "isLinked": false
            },
            "mf_input_color": "#101010",
            "mf_input_border_border": "solid",
            "mf_input_border_width": {
              "unit": "px",
              "top": "1",
              "right": "1",
              "bottom": "1",
              "left": "1",
              "isLinked": true
            },
            "mf_input_border_color": "#ededed",
            "mf_input_typgraphy_typography": "custom",
            "mf_input_typgraphy_font_family": "Helvetica",
            "mf_input_typgraphy_font_size": {
              "unit": "px",
              "size": 14,
              "sizes": []
            },
            "mf_input_typgraphy_font_weight": "400",
            "mf_input_typgraphy_line_height": {
              "unit": "px",
              "size": 15,
              "sizes": []
            },
            "mf_input_border_radius": {
              "unit": "px",
              "size": 5,
              "sizes": []
            },
            "mf_input_box_shadow_box_shadow": {
              "horizontal": 0,
              "vertical": 3,
              "blur": 5,
              "spread": 0,
              "color": "rgba(0,0,0,0.05)"
            },
            "mf_input_place_holder_typography_typography": "custom",
            "mf_input_place_holder_typography_font_family": "Helvetica",
            "mf_input_place_holder_typography_font_weight": "400",
            "mf_input_placeholder_color": "#999999",
            "mf_input_help_text_typography_typography": "custom",
            "mf_input_help_text_typography_font_family": "Helvetica",
            "mf_input_help_text_typography_font_size": {
              "unit": "px",
              "size": 12,
              "sizes": []
            },
            "mf_input_help_text_typography_font_weight": "400",
            "mf_input_help_text_typography_font_style": "italic",
            "mf_input_help_text_typography_line_height": {
              "unit": "px",
              "size": 14,
              "sizes": []
            },
            "mf_input_help_text_padding": {
              "unit": "px",
              "top": "3",
              "right": "0",
              "bottom": "0",
              "left": "0",
              "isLinked": false
            },
            "mf_textarea_field_height": {
              "unit": "px",
              "size": 140,
              "sizes": []
            },
            "mf_input_help_text": "Leave a comment. Please be brief as much as possible",
            "mf_input_validation_warning_message": "This field is required.",
            "mf_input_help_text_color": "#555555",
            "mf_conditional_logic_form_list": [],
            "ekit_all_conditions_list": [
              {
                "_id": "bcdd3ff"
              }
            ],
            "ekit_adv_tooltip_content": "Tooltip Content.",
            "_margin": {
              "unit": "px",
              "top": "0",
              "right": "0",
              "bottom": "0",
              "left": "0",
              "isLinked": false
            },
            "_padding": {
              "unit": "px",
              "top": "0",
              "right": "30",
              "bottom": "0",
              "left": "30",
              "isLinked": false
            }
          },
          "elements": [],
          "isInner": false,
          "widgetType": "mf-textarea",
          "elType": "widget"
        },
        {
          "id": "3e95398b",
          "settings": {
            "mf_btn_text": "Submit",
            "mf_btn_align": "left",
            "mf_btn_text_padding": {
              "unit": "px",
              "top": "15",
              "right": "50",
              "bottom": "15",
              "left": "50",
              "isLinked": false
            },
            "mf_btn_typography_typography": "custom",
            "mf_btn_typography_font_family": "Helvetica",
            "mf_btn_typography_font_size": {
              "unit": "px",
              "size": 16,
              "sizes": []
            },
            "mf_btn_typography_font_weight": "500",
            "mf_btn_typography_line_height": {
              "unit": "px",
              "size": 18,
              "sizes": []
            },
            "mf_btn_bg_color_background": "classic",
            "mf_btn_bg_color_color": "#4285f4",
            "mf_btn_box_shadow_group_box_shadow_type": "yes",
            "mf_btn_box_shadow_group_box_shadow": {
              "horizontal": 0,
              "vertical": 7,
              "blur": 15,
              "spread": 0,
              "color": "rgba(66,133,244,0.3)"
            },
            "_margin": {
              "unit": "px",
              "top": "40",
              "right": "0",
              "bottom": "0",
              "left": "0",
              "isLinked": false
            },
            "mf_conditional_logic_form_list": [],
            "mf_hidden_input": [],
            "ekit_all_conditions_list": [
              {
                "_id": "3afbd11"
              }
            ],
            "ekit_adv_tooltip_content": "Tooltip Content.",
            "_padding": {
              "unit": "px",
              "top": "0",
              "right": "30",
              "bottom": "0",
              "left": "30",
              "isLinked": false
            }
          },
          "elements": [],
          "isInner": false,
          "widgetType": "mf-button",
          "elType": "widget"
        }
      ],
      "isInner": false,
      "elType": "container"
    }
  ],
  "page_settings": [],
  "version": "0.4",
  "title": "request-for-qutoation",
  "type": "page"
}