{
  "content": [
    {
      "id": "1ab838c0",
      "settings": {
        "content_width": "full",
        "background_background": "classic",
        "background_color": "#FFFFFF",
        "border_radius": {
          "unit": "px",
          "top": "10",
          "right": "10",
          "bottom": "10",
          "left": "10",
          "isLinked": true
        },
        "padding": {
          "unit": "px",
          "top": "50",
          "right": "50",
          "bottom": "50",
          "left": "50",
          "isLinked": true
        },
        "padding_tablet": {
          "unit": "px",
          "top": "35",
          "right": "35",
          "bottom": "35",
          "left": "35",
          "isLinked": true
        },
        "ekit_all_conditions_list": [
          {
            "_id": "8fca156"
          }
        ],
        "ekit_section_parallax_multi_items": [],
        "flex_direction": "row",
        "flex_align_items": "stretch",
        "flex_gap": {
          "size": 10,
          "column": "10",
          "row": "10",
          "unit": "px"
        },
        "padding_mobile": {
          "unit": "px",
          "top": "15",
          "right": "15",
          "bottom": "15",
          "left": "15",
          "isLinked": true
        }
      },
      "elements": [
        {
          "id": "7dc0550f",
          "settings": {
            "_column_size": 100,
            "width": {
              "size": null,
              "unit": "%"
            },
            "align": "center",
            "flex_gap": {
              "size": 15,
              "column": "15",
              "row": "0",
              "unit": "px"
            },
            "background_background": "classic",
            "background_color": "#FFFFFF",
            "background_image": {
              "url": "https://demo.wpmet.com/emailkit/wp-content/uploads/2025/05/image-a.jpg",
              "id": 1372,
              "alt": "",
              "source": "library",
              "size": ""
            },
            "background_position": "center center",
            "background_repeat": "no-repeat",
            "background_size": "cover",
            "background_overlay_background": "gradient",
            "background_overlay_color": "#000000",
            "background_overlay_color_b": "#00000087",
            "background_overlay_opacity": {
              "unit": "px",
              "size": 0.75,
              "sizes": []
            },
            "border_radius": {
              "unit": "px",
              "top": "10",
              "right": "10",
              "bottom": "10",
              "left": "10",
              "isLinked": true
            },
            "padding": {
              "unit": "px",
              "top": "80",
              "right": "100",
              "bottom": "80",
              "left": "100",
              "isLinked": false
            },
            "padding_tablet": {
              "unit": "px",
              "top": "60",
              "right": "60",
              "bottom": "60",
              "left": "60",
              "isLinked": true
            },
            "padding_mobile": {
              "unit": "px",
              "top": "50",
              "right": "20",
              "bottom": "50",
              "left": "20",
              "isLinked": false
            },
            "ekit_all_conditions_list": [
              {
                "_id": "c6863dd"
              }
            ],
            "content_width": "full",
            "flex_direction": "row",
            "flex_justify_content": "center",
            "flex_justify_content_tablet": "flex-start",
            "flex_align_items": "center",
            "flex_align_items_tablet": "center",
            "flex_gap_tablet": {
              "column": "0",
              "row": "0",
              "isLinked": false,
              "unit": "px",
              "size": 0
            },
            "flex_wrap": "wrap",
            "metform_multistep_settings_title": "",
            "metform_multistep_settings_icon": {
              "value": "",
              "library": ""
            }
          },
          "elements": [
            {
              "id": "28ec9091",
              "settings": {
                "title": "Subscribe to our newsletter",
                "align": "center",
                "title_color": "#FFFFFF",
                "typography_typography": "custom",
                "typography_font_family": "IBM Plex Sans",
                "typography_font_size": {
                  "unit": "px",
                  "size": 42,
                  "sizes": []
                },
                "typography_font_weight": "700",
                "typography_font_size_mobile": {
                  "unit": "px",
                  "size": 30,
                  "sizes": []
                },
                "typography_line_height": {
                  "unit": "px",
                  "size": 48,
                  "sizes": []
                },
                "typography_line_height_tablet": {
                  "unit": "px",
                  "size": "",
                  "sizes": []
                },
                "typography_line_height_mobile": {
                  "unit": "px",
                  "size": 36,
                  "sizes": []
                },
                "_margin": {
                  "unit": "px",
                  "top": "0",
                  "right": "0",
                  "bottom": "0",
                  "left": "0",
                  "isLinked": false
                },
                "ekit_all_conditions_list": [
                  {
                    "_id": "4e68be4"
                  }
                ],
                "ekit_adv_tooltip_content": "Tooltip Content.",
                "_element_width": "inherit"
              },
              "elements": [],
              "isInner": false,
              "widgetType": "heading",
              "elType": "widget"
            },
            {
              "id": "fb0db67",
              "settings": {
                "editor": "<p>Get your very first ebook for free and access to premium offers</p>",
                "align": "center",
                "text_color": "#FFFFFF",
                "typography_typography": "custom",
                "typography_font_family": "IBM Plex Sans",
                "typography_font_size": {
                  "unit": "px",
                  "size": 18,
                  "sizes": []
                },
                "typography_font_weight": "400",
                "typography_line_height": {
                  "unit": "px",
                  "size": 22,
                  "sizes": []
                },
                "typography_line_height_tablet": {
                  "unit": "px",
                  "size": "",
                  "sizes": []
                },
                "typography_line_height_mobile": {
                  "unit": "px",
                  "size": "",
                  "sizes": []
                },
                "_margin": {
                  "unit": "px",
                  "top": "0",
                  "right": "0",
                  "bottom": "40",
                  "left": "0",
                  "isLinked": false
                },
                "_margin_mobile": {
                  "unit": "px",
                  "top": "0",
                  "right": "0",
                  "bottom": "20",
                  "left": "0",
                  "isLinked": false
                },
                "ekit_all_conditions_list": [
                  {
                    "_id": "81110e2"
                  }
                ],
                "ekit_adv_tooltip_content": "Tooltip Content.",
                "_element_width": "inherit"
              },
              "elements": [],
              "isInner": false,
              "widgetType": "text-editor",
              "elType": "widget"
            },
            {
              "id": "31317ebe",
              "settings": {
                "mf_input_label": "",
                "mf_input_name": "mf-email",
                "mf_input_placeholder": "Email Address",
                "mf_input_required": "",
                "mf_input_label_color": "#0D1427",
                "mf_input_label_typography_typography": "custom",
                "mf_input_label_typography_font_family": "IBM Plex Sans",
                "mf_input_label_typography_font_size": {
                  "unit": "px",
                  "size": 16,
                  "sizes": []
                },
                "mf_input_label_typography_font_weight": "500",
                "mf_input_label_typography_line_height": {
                  "unit": "px",
                  "size": 21,
                  "sizes": []
                },
                "mf_input_label_margin": {
                  "unit": "px",
                  "top": "0",
                  "right": "0",
                  "bottom": "0",
                  "left": "0",
                  "isLinked": false
                },
                "mf_input_padding": {
                  "unit": "px",
                  "top": "15",
                  "right": "24",
                  "bottom": "17",
                  "left": "24",
                  "isLinked": false
                },
                "mf_input_color": "#0D1427",
                "mf_input_border_border": "solid",
                "mf_input_border_width": {
                  "unit": "px",
                  "top": "1",
                  "right": "1",
                  "bottom": "1",
                  "left": "1",
                  "isLinked": true
                },
                "mf_input_border_color": "#EAECF1",
                "mf_input_typgraphy_typography": "custom",
                "mf_input_typgraphy_font_family": "IBM Plex Sans",
                "mf_input_typgraphy_font_size": {
                  "unit": "px",
                  "size": 14,
                  "sizes": []
                },
                "mf_input_typgraphy_font_weight": "400",
                "mf_input_typgraphy_line_height": {
                  "unit": "px",
                  "size": 18,
                  "sizes": []
                },
                "mf_input_border_radius": {
                  "unit": "px",
                  "size": 6,
                  "sizes": []
                },
                "mf_input_place_holder_typography_typography": "custom",
                "mf_input_place_holder_typography_font_family": "IBM Plex Sans",
                "mf_input_place_holder_typography_font_weight": "400",
                "mf_input_placeholder_color": "#878991",
                "mf_input_help_text_typography_typography": "custom",
                "mf_input_help_text_typography_font_family": "IBM Plex Sans",
                "mf_input_help_text_typography_font_size": {
                  "unit": "px",
                  "size": 13,
                  "sizes": []
                },
                "mf_input_help_text_typography_font_weight": "400",
                "mf_input_help_text_typography_line_height": {
                  "unit": "px",
                  "size": 17,
                  "sizes": []
                },
                "mf_input_validation_warning_message": "This field is required.",
                "mf_conditional_logic_form_list": [],
                "mf_input_label_typography_line_height_tablet": {
                  "unit": "px",
                  "size": "",
                  "sizes": []
                },
                "mf_input_label_typography_line_height_mobile": {
                  "unit": "px",
                  "size": "",
                  "sizes": []
                },
                "mf_input_background_background": "classic",
                "mf_input_background_color": "#F6F7FA",
                "mf_input_background_hover_color": "#FFFFFF",
                "mf_input_background_focus_background": "classic",
                "mf_input_background_focus_color": "#FFFFFF",
                "mf_input_border_focus_border": "solid",
                "mf_input_border_focus_color": "#D6D8E0",
                "mf_input_typgraphy_line_height_tablet": {
                  "unit": "px",
                  "size": "",
                  "sizes": []
                },
                "mf_input_typgraphy_line_height_mobile": {
                  "unit": "px",
                  "size": "",
                  "sizes": []
                },
                "mf_input_typgraphy_word_spacing_tablet": {
                  "unit": "px",
                  "size": "",
                  "sizes": []
                },
                "mf_input_typgraphy_word_spacing_mobile": {
                  "unit": "px",
                  "size": "",
                  "sizes": []
                },
                "mf_input_place_holder_typography_font_size": {
                  "unit": "px",
                  "size": 14,
                  "sizes": []
                },
                "mf_input_place_holder_typography_line_height": {
                  "unit": "px",
                  "size": 18,
                  "sizes": []
                },
                "mf_input_place_holder_typography_line_height_tablet": {
                  "unit": "px",
                  "size": "",
                  "sizes": []
                },
                "mf_input_place_holder_typography_line_height_mobile": {
                  "unit": "px",
                  "size": "",
                  "sizes": []
                },
                "mf_input_help_text_typography_line_height_tablet": {
                  "unit": "px",
                  "size": "",
                  "sizes": []
                },
                "mf_input_help_text_typography_line_height_mobile": {
                  "unit": "px",
                  "size": "",
                  "sizes": []
                },
                "mf_input_help_text_color": "#96989F",
                "_margin": {
                  "unit": "px",
                  "top": "0",
                  "right": "0",
                  "bottom": "0",
                  "left": "0",
                  "isLinked": false
                },
                "_element_width": "initial",
                "_element_custom_width": {
                  "unit": "px",
                  "size": 570,
                  "sizes": []
                },
                "ekit_all_conditions_list": [
                  {
                    "_id": "30812ac"
                  }
                ],
                "ekit_adv_tooltip_content": "Tooltip Content.",
                "_margin_tablet": {
                  "unit": "px",
                  "top": "0",
                  "right": "0",
                  "bottom": "15",
                  "left": "0",
                  "isLinked": false
                }
              },
              "elements": [],
              "isInner": false,
              "widgetType": "mf-email",
              "elType": "widget"
            },
            {
              "id": "2227ce83",
              "settings": {
                "mf_btn_text": "Get The Offer",
                "mf_btn_align": "",
                "mf_btn_text_padding": {
                  "unit": "px",
                  "top": "20",
                  "right": "32",
                  "bottom": "19",
                  "left": "32",
                  "isLinked": false
                },
                "mf_btn_typography_typography": "custom",
                "mf_btn_typography_font_family": "Roboto",
                "mf_btn_typography_font_size": {
                  "unit": "px",
                  "size": 15,
                  "sizes": []
                },
                "mf_btn_typography_font_weight": "500",
                "mf_btn_typography_line_height": {
                  "unit": "px",
                  "size": 11,
                  "sizes": []
                },
                "mf_btn_bg_color_background": "classic",
                "mf_btn_bg_color_color": "#3970FF",
                "mf_btn_box_shadow_group_box_shadow_type": "yes",
                "mf_btn_box_shadow_group_box_shadow": {
                  "horizontal": 0,
                  "vertical": 0,
                  "blur": 0,
                  "spread": 0,
                  "color": "rgba(0,0,0,0.5)"
                },
                "mf_conditional_logic_form_list": [],
                "mf_hidden_input": [],
                "mf_btn_typography_line_height_tablet": {
                  "unit": "px",
                  "size": "",
                  "sizes": []
                },
                "mf_btn_typography_line_height_mobile": {
                  "unit": "px",
                  "size": "",
                  "sizes": []
                },
                "mf_btn_text_color": "#FFFFFF",
                "mf_btn_hover_color": "",
                "mf_btn_bg_hover_color_background": "classic",
                "mf_btn_border_radius": {
                  "unit": "px",
                  "top": "8",
                  "right": "8",
                  "bottom": "8",
                  "left": "8",
                  "isLinked": true
                },
                "_element_width": "auto",
                "ekit_all_conditions_list": [
                  {
                    "_id": "eed14b8"
                  }
                ],
                "ekit_adv_tooltip_content": "Tooltip Content.",
                "_border_radius": {
                  "unit": "px",
                  "top": "8",
                  "right": "8",
                  "bottom": "8",
                  "left": "8",
                  "isLinked": true
                },
                "_box_shadow_hover_box_shadow_type": "yes",
                "_box_shadow_hover_box_shadow": {
                  "horizontal": 0,
                  "vertical": 2,
                  "blur": 4,
                  "spread": 0,
                  "color": "rgba(2.9999999999999996, 28.00000000000002, 90, 0.4)"
                }
              },
              "elements": [],
              "isInner": false,
              "widgetType": "mf-button",
              "elType": "widget"
            }
          ],
          "isInner": true,
          "elType": "container"
        }
      ],
      "isInner": false,
      "elType": "container"
    }
  ],
  "page_settings": [],
  "version": "0.4",
  "title": "Subscribe form 1",
  "type": "page"
}