{
  "content": [
    {
      "id": "547db8f",
      "settings": {
        "content_width": "full",
        "padding": {
          "unit": "px",
          "top": "40",
          "right": "35",
          "bottom": "50",
          "left": "35",
          "isLinked": false
        },
        "flex_direction": "column",
        "flex_align_items": "stretch",
        "flex_gap": {
          "size": 10,
          "column": "10",
          "row": "10",
          "unit": "px"
        },
        "padding_mobile": {
          "unit": "px",
          "top": "40",
          "right": "15",
          "bottom": "50",
          "left": "15",
          "isLinked": false
        }
      },
      "elements": [
        {
          "id": "1e6f1686",
          "settings": {
            "title": "Newsletter Signup Form",
            "header_size": "h3",
            "title_color": "#0D1427",
            "typography_typography": "custom",
            "typography_font_family": "IBM Plex Sans",
            "typography_font_size": {
              "unit": "px",
              "size": 27,
              "sizes": []
            },
            "typography_font_weight": "700",
            "typography_line_height": {
              "unit": "px",
              "size": 34,
              "sizes": []
            },
            "_padding": {
              "unit": "px",
              "top": "0",
              "right": "15",
              "bottom": "20",
              "left": "15",
              "isLinked": false
            }
          },
          "elements": [],
          "isInner": false,
          "widgetType": "heading",
          "elType": "widget"
        },
        {
          "id": "7d2bfa30",
          "settings": {
            "structure": "20",
            "content_width": "full",
            "flex_direction": "row",
            "flex_align_items": "stretch",
            "flex_gap": {
              "size": 10,
              "column": "10",
              "row": "10",
              "unit": "px"
            },
            "container_type": "grid",
            "grid_columns_grid": {
              "unit": "fr",
              "size": 2,
              "sizes": []
            },
            "grid_rows_grid": {
              "unit": "fr",
              "size": 1,
              "sizes": []
            },
            "grid_gaps": {
              "column": "20",
              "row": "20",
              "isLinked": true,
              "unit": "px"
            },
            "padding": {
              "unit": "px",
              "top": "0",
              "right": "15",
              "bottom": "10",
              "left": "15",
              "isLinked": false
            },
            "presetTitle": "Grid",
            "presetIcon": "eicon-container-grid"
          },
          "elements": [
            {
              "id": "3900a80c",
              "settings": {
                "mf_input_label": "First Name",
                "mf_input_name": "mf-first-name",
                "mf_input_placeholder": "Anderson",
                "mf_input_help_text": "Enter your first name here",
                "mf_input_required": "yes",
                "mf_input_validation_warning_message": "This field is required.",
                "mf_conditional_logic_form_list": [],
                "mf_input_label_color": "#0D1427",
                "mf_input_label_typography_typography": "custom",
                "mf_input_label_typography_font_family": "IBM Plex Sans",
                "mf_input_label_typography_font_size": {
                  "unit": "px",
                  "size": 16,
                  "sizes": []
                },
                "mf_input_label_typography_font_weight": "500",
                "mf_input_label_typography_line_height": {
                  "unit": "px",
                  "size": 21,
                  "sizes": []
                },
                "mf_input_label_margin": {
                  "unit": "px",
                  "top": "0",
                  "right": "0",
                  "bottom": "7",
                  "left": "0",
                  "isLinked": false
                },
                "mf_input_warning_text_typography_typography": "custom",
                "mf_input_warning_text_typography_font_family": "IBM Plex Sans",
                "mf_input_warning_text_typography_font_size": {
                  "unit": "px",
                  "size": 16,
                  "sizes": []
                },
                "mf_input_warning_text_typography_font_weight": "500",
                "mf_input_warning_text_typography_line_height": {
                  "unit": "px",
                  "size": 21,
                  "sizes": []
                },
                "mf_input_padding": {
                  "unit": "px",
                  "top": "15",
                  "right": "24",
                  "bottom": "17",
                  "left": "24",
                  "isLinked": false
                },
                "mf_input_border_border": "solid",
                "mf_input_border_width": {
                  "unit": "px",
                  "top": "1",
                  "right": "1",
                  "bottom": "1",
                  "left": "1",
                  "isLinked": true
                },
                "mf_input_border_color": "#EAECF1",
                "mf_input_typgraphy_typography": "custom",
                "mf_input_typgraphy_font_family": "IBM Plex Sans",
                "mf_input_typgraphy_font_size": {
                  "unit": "px",
                  "size": 14,
                  "sizes": []
                },
                "mf_input_typgraphy_font_weight": "400",
                "mf_input_typgraphy_line_height": {
                  "unit": "px",
                  "size": 18,
                  "sizes": []
                },
                "mf_input_border_radius": {
                  "unit": "px",
                  "size": 6,
                  "sizes": []
                },
                "mf_input_place_holder_typography_typography": "custom",
                "mf_input_place_holder_typography_font_family": "IBM Plex Sans",
                "mf_input_place_holder_typography_font_size": {
                  "unit": "px",
                  "size": 14,
                  "sizes": []
                },
                "mf_input_place_holder_typography_font_weight": "400",
                "mf_input_place_holder_typography_line_height": {
                  "unit": "px",
                  "size": 18,
                  "sizes": []
                },
                "mf_input_placeholder_color": "#878991",
                "mf_input_help_text_typography_typography": "custom",
                "mf_input_help_text_typography_font_family": "IBM Plex Sans",
                "mf_input_help_text_typography_font_size": {
                  "unit": "px",
                  "size": 14,
                  "sizes": []
                },
                "mf_input_help_text_typography_font_weight": "400",
                "mf_input_help_text_typography_line_height": {
                  "unit": "px",
                  "size": 18,
                  "sizes": []
                },
                "mf_input_help_text_color": "#96989F"
              },
              "elements": [],
              "isInner": false,
              "widgetType": "mf-text",
              "elType": "widget"
            },
            {
              "id": "79168609",
              "settings": {
                "mf_input_label": "Last Name",
                "mf_input_name": "mf-last-name",
                "mf_input_placeholder": "Mikoo",
                "mf_input_help_text": "Enter your last name here",
                "mf_input_required": "yes",
                "mf_input_validation_warning_message": "This field is required.",
                "mf_conditional_logic_form_list": [],
                "mf_input_label_color": "#0D1427",
                "mf_input_label_typography_typography": "custom",
                "mf_input_label_typography_font_family": "IBM Plex Sans",
                "mf_input_label_typography_font_size": {
                  "unit": "px",
                  "size": 16,
                  "sizes": []
                },
                "mf_input_label_typography_font_weight": "500",
                "mf_input_label_typography_line_height": {
                  "unit": "px",
                  "size": 21,
                  "sizes": []
                },
                "mf_input_label_margin": {
                  "unit": "px",
                  "top": "0",
                  "right": "0",
                  "bottom": "7",
                  "left": "0",
                  "isLinked": false
                },
                "mf_input_warning_text_typography_typography": "custom",
                "mf_input_warning_text_typography_font_family": "IBM Plex Sans",
                "mf_input_warning_text_typography_font_size": {
                  "unit": "px",
                  "size": 16,
                  "sizes": []
                },
                "mf_input_warning_text_typography_font_weight": "500",
                "mf_input_warning_text_typography_line_height": {
                  "unit": "px",
                  "size": 21,
                  "sizes": []
                },
                "mf_input_padding": {
                  "unit": "px",
                  "top": "15",
                  "right": "24",
                  "bottom": "17",
                  "left": "24",
                  "isLinked": false
                },
                "mf_input_border_border": "solid",
                "mf_input_border_width": {
                  "unit": "px",
                  "top": "1",
                  "right": "1",
                  "bottom": "1",
                  "left": "1",
                  "isLinked": true
                },
                "mf_input_border_color": "#EAECF1",
                "mf_input_typgraphy_typography": "custom",
                "mf_input_typgraphy_font_family": "IBM Plex Sans",
                "mf_input_typgraphy_font_size": {
                  "unit": "px",
                  "size": 14,
                  "sizes": []
                },
                "mf_input_typgraphy_font_weight": "400",
                "mf_input_typgraphy_line_height": {
                  "unit": "px",
                  "size": 18,
                  "sizes": []
                },
                "mf_input_border_radius": {
                  "unit": "px",
                  "size": 6,
                  "sizes": []
                },
                "mf_input_place_holder_typography_typography": "custom",
                "mf_input_place_holder_typography_font_family": "IBM Plex Sans",
                "mf_input_place_holder_typography_font_size": {
                  "unit": "px",
                  "size": 14,
                  "sizes": []
                },
                "mf_input_place_holder_typography_font_weight": "400",
                "mf_input_place_holder_typography_line_height": {
                  "unit": "px",
                  "size": 18,
                  "sizes": []
                },
                "mf_input_placeholder_color": "#878991",
                "mf_input_help_text_typography_typography": "custom",
                "mf_input_help_text_typography_font_family": "IBM Plex Sans",
                "mf_input_help_text_typography_font_size": {
                  "unit": "px",
                  "size": 14,
                  "sizes": []
                },
                "mf_input_help_text_typography_font_weight": "400",
                "mf_input_help_text_typography_line_height": {
                  "unit": "px",
                  "size": 18,
                  "sizes": []
                },
                "mf_input_help_text_color": "#96989F"
              },
              "elements": [],
              "isInner": false,
              "widgetType": "mf-text",
              "elType": "widget"
            }
          ],
          "isInner": true,
          "elType": "container"
        },
        {
          "id": "5a2094f3",
          "settings": {
            "_column_size": 100,
            "width": {
              "size": null,
              "unit": "%"
            },
            "content_width": "full",
            "padding": {
              "unit": "px",
              "top": "0",
              "right": "15",
              "bottom": "0",
              "left": "15",
              "isLinked": false
            },
            "flex_gap": {
              "column": "20",
              "row": "20",
              "isLinked": true,
              "unit": "px",
              "size": 20
            }
          },
          "elements": [
            {
              "id": "1852c62d",
              "settings": {
                "mf_input_label": "Email Address",
                "mf_input_name": "mf-email",
                "mf_input_placeholder": "",
                "mf_input_help_text": "Example: user@website.com",
                "mf_input_required": "yes",
                "mf_input_validation_warning_message": "This field is required.",
                "mf_conditional_logic_form_list": [],
                "mf_input_label_typography_typography": "custom",
                "mf_input_label_typography_font_family": "IBM Plex Sans",
                "mf_input_label_typography_font_size": {
                  "unit": "px",
                  "size": 16,
                  "sizes": []
                },
                "mf_input_label_typography_font_weight": "500",
                "mf_input_label_typography_line_height": {
                  "unit": "px",
                  "size": 21,
                  "sizes": []
                },
                "mf_input_label_margin": {
                  "unit": "px",
                  "top": "0",
                  "right": "0",
                  "bottom": "7",
                  "left": "0",
                  "isLinked": false
                },
                "mf_input_warning_text_typography_typography": "custom",
                "mf_input_warning_text_typography_font_family": "IBM Plex Sans",
                "mf_input_warning_text_typography_font_size": {
                  "unit": "px",
                  "size": 16,
                  "sizes": []
                },
                "mf_input_warning_text_typography_font_weight": "500",
                "mf_input_warning_text_typography_line_height": {
                  "unit": "px",
                  "size": 21,
                  "sizes": []
                },
                "mf_input_padding": {
                  "unit": "px",
                  "top": "15",
                  "right": "24",
                  "bottom": "17",
                  "left": "15",
                  "isLinked": false
                },
                "mf_input_border_border": "solid",
                "mf_input_border_width": {
                  "unit": "px",
                  "top": "1",
                  "right": "1",
                  "bottom": "1",
                  "left": "1",
                  "isLinked": true
                },
                "mf_input_border_color": "#EAECF1",
                "mf_input_typgraphy_typography": "custom",
                "mf_input_typgraphy_font_family": "IBM Plex Sans",
                "mf_input_typgraphy_font_size": {
                  "unit": "px",
                  "size": 14,
                  "sizes": []
                },
                "mf_input_typgraphy_font_weight": "400",
                "mf_input_typgraphy_line_height": {
                  "unit": "px",
                  "size": 18,
                  "sizes": []
                },
                "mf_input_border_radius": {
                  "unit": "px",
                  "size": 6,
                  "sizes": []
                },
                "mf_input_place_holder_typography_typography": "custom",
                "mf_input_place_holder_typography_font_family": "IBM Plex Sans",
                "mf_input_place_holder_typography_font_size": {
                  "unit": "px",
                  "size": 14,
                  "sizes": []
                },
                "mf_input_place_holder_typography_font_weight": "400",
                "mf_input_place_holder_typography_line_height": {
                  "unit": "px",
                  "size": 18,
                  "sizes": []
                },
                "mf_input_placeholder_color": "#878991",
                "mf_error_message_typography_typography": "custom",
                "mf_error_message_typography_font_family": "Roboto",
                "mf_error_message_typography_font_weight": "600",
                "mf_input_help_text_typography_typography": "custom",
                "mf_input_help_text_typography_font_family": "IBM Plex Sans",
                "mf_input_help_text_typography_font_size": {
                  "unit": "px",
                  "size": 14,
                  "sizes": []
                },
                "mf_input_help_text_typography_font_weight": "400",
                "mf_input_help_text_typography_line_height": {
                  "unit": "px",
                  "size": 18,
                  "sizes": []
                }
              },
              "elements": [],
              "isInner": false,
              "widgetType": "mf-email",
              "elType": "widget"
            },
            {
              "id": "36aeb02f",
              "settings": {
                "mf_input_label": "Opt in ( Listing )",
                "mf_input_name": "mf-listing-optin",
                "mf_listing_optin_option_text": "Subscribe to ours newsletter.",
                "mf_input_validation_warning_message": "This field is required.",
                "mf_conditional_logic_form_list": [],
                "mf_input_label_color": "#0D1427",
                "mf_input_label_typography_typography": "custom",
                "mf_input_label_typography_font_family": "IBM Plex Sans",
                "mf_input_label_typography_font_size": {
                  "unit": "px",
                  "size": 15,
                  "sizes": []
                },
                "mf_input_label_typography_font_weight": "500",
                "mf_input_label_typography_line_height": {
                  "unit": "px",
                  "size": 21,
                  "sizes": []
                },
                "mf_listing_optin_option_color": "#7A7A7A",
                "mf_listing_optin_typgraphy_font_weight": "600",
                "mf_listing_optin_typgraphy_text_typography": "custom",
                "mf_listing_optin_typgraphy_text_font_family": "IBM Plex Sans",
                "mf_listing_optin_typgraphy_text_font_size": {
                  "unit": "px",
                  "size": 15,
                  "sizes": []
                },
                "mf_listing_optin_typgraphy_text_font_weight": "400",
                "mf_listing_optin_typgraphy_text_line_height": {
                  "unit": "px",
                  "size": 21,
                  "sizes": []
                },
                "mf_listing_optin_typgraphy_font_family": "Roboto"
              },
              "elements": [],
              "isInner": false,
              "widgetType": "mf-listing-optin",
              "elType": "widget"
            },
            {
              "id": "29c23ad9",
              "settings": {
                "mf_input_label": "GDPR Consent",
                "mf_input_name": "mf-gdpr-consent",
                "mf_gdpr_consent_option_text": "Agree on our <a href='#'>terms and condition</a> for using your submitted data?",
                "mf_input_validation_warning_message": "This field is required.",
                "mf_conditional_logic_form_list": [],
                "mf_gdpr_consent__label_color": "#0D1427",
                "mf_gdpr_consent__label_typography_typography": "custom",
                "mf_gdpr_consent__label_typography_font_family": "IBM Plex Sans",
                "mf_gdpr_consent__label_typography_font_size": {
                  "unit": "px",
                  "size": 15,
                  "sizes": []
                },
                "mf_gdpr_consent__label_typography_font_weight": "500",
                "mf_gdpr_consent__label_typography_line_height": {
                  "unit": "px",
                  "size": 21,
                  "sizes": []
                },
                "mf_gdpr_consent_option_color": "#747474",
                "mf_gdpr_consent_typgraphy_text_typography": "custom",
                "mf_gdpr_consent_typgraphy_text_font_family": "IBM Plex Sans",
                "mf_gdpr_consent_typgraphy_text_font_size": {
                  "unit": "px",
                  "size": 15,
                  "sizes": []
                },
                "mf_gdpr_consent_typgraphy_text_font_weight": "400",
                "mf_gdpr_consent_typgraphy_text_line_height": {
                  "unit": "px",
                  "size": 21,
                  "sizes": []
                }
              },
              "elements": [],
              "isInner": false,
              "widgetType": "mf-gdpr-consent",
              "elType": "widget"
            },
            {
              "id": "230efb72",
              "settings": {
                "mf_btn_text": "Subscribe",
                "mf_btn_align": "left",
                "mf_conditional_logic_form_list": [],
                "mf_hidden_input": [],
                "mf_btn_typography_typography": "custom",
                "mf_btn_typography_font_family": "Roboto",
                "mf_btn_typography_font_size": {
                  "unit": "px",
                  "size": 15,
                  "sizes": []
                },
                "mf_btn_typography_line_height": {
                  "unit": "px",
                  "size": 14,
                  "sizes": []
                },
                "mf_btn_box_shadow_group_box_shadow": {
                  "horizontal": 0,
                  "vertical": 2,
                  "blur": 3,
                  "spread": 1,
                  "color": "rgba(0,0,0,0.5)"
                },
                "_margin": {
                  "unit": "px",
                  "top": "15",
                  "right": "0",
                  "bottom": "0",
                  "left": "0",
                  "isLinked": false
                }
              },
              "elements": [],
              "isInner": false,
              "widgetType": "mf-button",
              "elType": "widget"
            }
          ],
          "isInner": true,
          "elType": "container"
        }
      ],
      "isInner": false,
      "elType": "container"
    }
  ],
  "page_settings": [],
  "version": "0.4",
  "title": "newsletter signup",
  "type": "page"
}