{
  "content": [
    {
      "id": "2cbdef3e",
      "settings": {
        "box_shadow_box_shadow": {
          "horizontal": 0,
          "vertical": 30,
          "blur": 50,
          "spread": 0,
          "color": "rgba(3.0000000000000053, 12.000000000000005, 35, 0.08)"
        },
        "background_color": "#ffffff",
        "padding": {
          "unit": "px",
          "top": "40",
          "right": "50",
          "bottom": "50",
          "left": "50",
          "isLinked": false
        },
        "padding_tablet": {
          "unit": "px",
          "top": "50",
          "right": "15",
          "bottom": "50",
          "left": "15",
          "isLinked": false
        },
        "ekit_section_parallax_multi_items": [],
        "content_width": "full",
        "ekit_all_conditions_list": [
          {
            "_id": "2bde398"
          }
        ],
        "flex_direction": "row",
        "flex_align_items": "stretch",
        "flex_gap": {
          "size": 30,
          "column": "30",
          "row": "30",
          "unit": "px",
          "isLinked": true
        },
        "flex_justify_content": "space-between",
        "flex_gap_tablet": {
          "column": "24",
          "row": "24",
          "isLinked": true,
          "unit": "px",
          "size": 24
        },
        "flex_wrap": "wrap"
      },
      "elements": [
        {
          "id": "53af1e0f",
          "settings": {
            "title": "Support Form",
            "header_size": "h3",
            "title_color": "#0D1427",
            "typography_typography": "custom",
            "typography_font_family": "IBM Plex Sans",
            "typography_font_size": {
              "unit": "px",
              "size": 26,
              "sizes": []
            },
            "typography_font_weight": "700",
            "typography_line_height": {
              "unit": "px",
              "size": 34,
              "sizes": []
            },
            "typography_line_height_tablet": {
              "unit": "px",
              "size": "",
              "sizes": []
            },
            "typography_line_height_mobile": {
              "unit": "px",
              "size": "",
              "sizes": []
            },
            "_padding": {
              "unit": "px",
              "top": "0",
              "right": "0",
              "bottom": "0",
              "left": "0",
              "isLinked": true
            },
            "ekit_all_conditions_list": [
              {
                "_id": "63c841d"
              }
            ],
            "ekit_adv_tooltip_content": "Tooltip Content.",
            "_padding_mobile": {
              "unit": "px",
              "top": "0",
              "right": "0",
              "bottom": "10",
              "left": "0",
              "isLinked": false
            },
            "_element_width": "inherit"
          },
          "elements": [],
          "isInner": false,
          "widgetType": "heading",
          "elType": "widget"
        },
        {
          "id": "4a0a7b2f",
          "settings": {
            "structure": "20",
            "ekit_section_parallax_multi_items": [],
            "content_width": "full",
            "ekit_all_conditions_list": [
              {
                "_id": "7fd08b3"
              }
            ],
            "flex_direction": "row",
            "flex_align_items": "stretch",
            "flex_gap": {
              "size": 10,
              "column": "10",
              "row": "10",
              "unit": "px"
            },
            "container_type": "grid",
            "grid_columns_grid": {
              "unit": "fr",
              "size": 2,
              "sizes": []
            },
            "grid_rows_grid": {
              "unit": "fr",
              "size": 1,
              "sizes": []
            },
            "grid_gaps": {
              "column": "30",
              "row": "30",
              "isLinked": true,
              "unit": "px"
            },
            "grid_gaps_tablet": {
              "column": "24",
              "row": "24",
              "isLinked": true,
              "unit": "px"
            },
            "metform_multistep_settings_title": "",
            "metform_multistep_settings_icon": {
              "value": "",
              "library": ""
            },
            "padding": {
              "unit": "px",
              "top": "0",
              "right": "0",
              "bottom": "0",
              "left": "0",
              "isLinked": false
            },
            "presetTitle": "Grid",
            "presetIcon": "eicon-container-grid"
          },
          "elements": [
            {
              "id": "5f60dacd",
              "settings": {
                "mf_input_label": "First Name",
                "mf_input_name": "mf-first-name",
                "mf_input_placeholder": "Anderson",
                "mf_input_help_text": "Enter your first name here",
                "mf_input_label_typography_typography": "custom",
                "mf_input_label_typography_font_family": "IBM Plex Sans",
                "mf_input_label_typography_font_size": {
                  "unit": "px",
                  "size": 16,
                  "sizes": []
                },
                "mf_input_label_typography_font_weight": "500",
                "mf_input_label_typography_line_height": {
                  "unit": "px",
                  "size": 21,
                  "sizes": []
                },
                "mf_input_min_length": 1,
                "mf_input_label_color": "#0D1427",
                "mf_input_label_margin": {
                  "unit": "px",
                  "top": "0",
                  "right": "0",
                  "bottom": "7",
                  "left": "0",
                  "isLinked": false
                },
                "mf_input_padding": {
                  "unit": "px",
                  "top": "15",
                  "right": "24",
                  "bottom": "17",
                  "left": "24",
                  "isLinked": false
                },
                "mf_input_color": "#0D1427",
                "mf_input_border_border": "solid",
                "mf_input_border_width": {
                  "unit": "px",
                  "top": "1",
                  "right": "1",
                  "bottom": "1",
                  "left": "1",
                  "isLinked": true
                },
                "mf_input_border_color": "#EAECF1",
                "mf_input_typgraphy_typography": "custom",
                "mf_input_typgraphy_font_family": "IBM Plex Sans",
                "mf_input_typgraphy_font_size": {
                  "unit": "px",
                  "size": 14,
                  "sizes": []
                },
                "mf_input_typgraphy_font_weight": "400",
                "mf_input_typgraphy_line_height": {
                  "unit": "px",
                  "size": 18,
                  "sizes": []
                },
                "mf_input_border_radius": {
                  "unit": "px",
                  "size": 6,
                  "sizes": []
                },
                "mf_input_place_holder_typography_typography": "custom",
                "mf_input_place_holder_typography_font_family": "IBM Plex Sans",
                "mf_input_place_holder_typography_font_weight": "400",
                "mf_input_placeholder_color": "#878991",
                "mf_input_help_text_typography_typography": "custom",
                "mf_input_help_text_typography_font_family": "IBM Plex Sans",
                "mf_input_help_text_typography_font_size": {
                  "unit": "px",
                  "size": 13,
                  "sizes": []
                },
                "mf_input_help_text_typography_font_weight": "400",
                "mf_input_help_text_typography_line_height": {
                  "unit": "px",
                  "size": 17,
                  "sizes": []
                },
                "mf_input_required": "yes",
                "mf_input_validation_warning_message": "This field is required.",
                "mf_input_help_text_color": "#96989F",
                "mf_conditional_logic_form_list": [],
                "mf_input_label_typography_line_height_tablet": {
                  "unit": "px",
                  "size": "",
                  "sizes": []
                },
                "mf_input_label_typography_line_height_mobile": {
                  "unit": "px",
                  "size": "",
                  "sizes": []
                },
                "mf_input_background_background": "classic",
                "mf_input_background_color": "#F6F7FA",
                "mf_input_background_hover_color": "#FFFFFF",
                "mf_input_background_focus_background": "classic",
                "mf_input_background_focus_color": "#FFFFFF",
                "mf_input_border_focus_border": "solid",
                "mf_input_border_focus_color": "#D6D8E0",
                "mf_input_typgraphy_line_height_tablet": {
                  "unit": "px",
                  "size": "",
                  "sizes": []
                },
                "mf_input_typgraphy_line_height_mobile": {
                  "unit": "px",
                  "size": "",
                  "sizes": []
                },
                "mf_input_typgraphy_word_spacing_tablet": {
                  "unit": "px",
                  "size": "",
                  "sizes": []
                },
                "mf_input_typgraphy_word_spacing_mobile": {
                  "unit": "px",
                  "size": "",
                  "sizes": []
                },
                "mf_input_place_holder_typography_font_size": {
                  "unit": "px",
                  "size": 14,
                  "sizes": []
                },
                "mf_input_place_holder_typography_line_height": {
                  "unit": "px",
                  "size": 18,
                  "sizes": []
                },
                "mf_input_place_holder_typography_line_height_tablet": {
                  "unit": "px",
                  "size": "",
                  "sizes": []
                },
                "mf_input_place_holder_typography_line_height_mobile": {
                  "unit": "px",
                  "size": "",
                  "sizes": []
                },
                "mf_input_help_text_typography_line_height_tablet": {
                  "unit": "px",
                  "size": "",
                  "sizes": []
                },
                "mf_input_help_text_typography_line_height_mobile": {
                  "unit": "px",
                  "size": "",
                  "sizes": []
                },
                "ekit_all_conditions_list": [
                  {
                    "_id": "30812ac"
                  }
                ],
                "ekit_adv_tooltip_content": "Tooltip Content.",
                "_element_custom_width": {
                  "unit": "%",
                  "size": 47.5,
                  "sizes": []
                }
              },
              "elements": [],
              "isInner": false,
              "widgetType": "mf-text",
              "elType": "widget"
            },
            {
              "id": "4b73d01a",
              "settings": {
                "mf_input_label": "Last Name",
                "mf_input_name": "mf-last-name",
                "mf_input_placeholder": "Mikoo",
                "mf_input_help_text": "Enter your last name here",
                "mf_input_label_color": "#0D1427",
                "mf_input_label_typography_typography": "custom",
                "mf_input_label_typography_font_family": "IBM Plex Sans",
                "mf_input_label_typography_font_size": {
                  "unit": "px",
                  "size": 16,
                  "sizes": []
                },
                "mf_input_label_typography_font_weight": "500",
                "mf_input_label_typography_line_height": {
                  "unit": "px",
                  "size": 21,
                  "sizes": []
                },
                "mf_input_label_margin": {
                  "unit": "px",
                  "top": "0",
                  "right": "0",
                  "bottom": "7",
                  "left": "0",
                  "isLinked": false
                },
                "mf_input_padding": {
                  "unit": "px",
                  "top": "15",
                  "right": "24",
                  "bottom": "17",
                  "left": "24",
                  "isLinked": false
                },
                "mf_input_color": "#0D1427",
                "mf_input_border_border": "solid",
                "mf_input_border_width": {
                  "unit": "px",
                  "top": "1",
                  "right": "1",
                  "bottom": "1",
                  "left": "1",
                  "isLinked": true
                },
                "mf_input_border_color": "#EAECF1",
                "mf_input_typgraphy_typography": "custom",
                "mf_input_typgraphy_font_family": "IBM Plex Sans",
                "mf_input_typgraphy_font_size": {
                  "unit": "px",
                  "size": 14,
                  "sizes": []
                },
                "mf_input_typgraphy_font_weight": "400",
                "mf_input_typgraphy_line_height": {
                  "unit": "px",
                  "size": 18,
                  "sizes": []
                },
                "mf_input_border_radius": {
                  "unit": "px",
                  "size": 6,
                  "sizes": []
                },
                "mf_input_place_holder_typography_typography": "custom",
                "mf_input_place_holder_typography_font_family": "IBM Plex Sans",
                "mf_input_place_holder_typography_font_weight": "400",
                "mf_input_placeholder_color": "#878991",
                "mf_input_help_text_typography_typography": "custom",
                "mf_input_help_text_typography_font_family": "IBM Plex Sans",
                "mf_input_help_text_typography_font_size": {
                  "unit": "px",
                  "size": 13,
                  "sizes": []
                },
                "mf_input_help_text_typography_font_weight": "400",
                "mf_input_help_text_typography_line_height": {
                  "unit": "px",
                  "size": 17,
                  "sizes": []
                },
                "mf_input_required": "yes",
                "mf_input_validation_warning_message": "This field is required.",
                "mf_input_help_text_color": "#96989F",
                "mf_conditional_logic_form_list": [],
                "mf_input_label_typography_line_height_tablet": {
                  "unit": "px",
                  "size": "",
                  "sizes": []
                },
                "mf_input_label_typography_line_height_mobile": {
                  "unit": "px",
                  "size": "",
                  "sizes": []
                },
                "mf_input_background_background": "classic",
                "mf_input_background_color": "#F6F7FA",
                "mf_input_background_hover_color": "#FFFFFF",
                "mf_input_background_focus_background": "classic",
                "mf_input_background_focus_color": "#FFFFFF",
                "mf_input_border_focus_border": "solid",
                "mf_input_border_focus_color": "#D6D8E0",
                "mf_input_typgraphy_line_height_tablet": {
                  "unit": "px",
                  "size": "",
                  "sizes": []
                },
                "mf_input_typgraphy_line_height_mobile": {
                  "unit": "px",
                  "size": "",
                  "sizes": []
                },
                "mf_input_typgraphy_word_spacing_tablet": {
                  "unit": "px",
                  "size": "",
                  "sizes": []
                },
                "mf_input_typgraphy_word_spacing_mobile": {
                  "unit": "px",
                  "size": "",
                  "sizes": []
                },
                "mf_input_place_holder_typography_font_size": {
                  "unit": "px",
                  "size": 14,
                  "sizes": []
                },
                "mf_input_place_holder_typography_line_height": {
                  "unit": "px",
                  "size": 18,
                  "sizes": []
                },
                "mf_input_place_holder_typography_line_height_tablet": {
                  "unit": "px",
                  "size": "",
                  "sizes": []
                },
                "mf_input_place_holder_typography_line_height_mobile": {
                  "unit": "px",
                  "size": "",
                  "sizes": []
                },
                "mf_input_help_text_typography_line_height_tablet": {
                  "unit": "px",
                  "size": "",
                  "sizes": []
                },
                "mf_input_help_text_typography_line_height_mobile": {
                  "unit": "px",
                  "size": "",
                  "sizes": []
                },
                "ekit_all_conditions_list": [
                  {
                    "_id": "30812ac"
                  }
                ],
                "ekit_adv_tooltip_content": "Tooltip Content.",
                "_element_custom_width": {
                  "unit": "%",
                  "size": 47.5,
                  "sizes": []
                }
              },
              "elements": [],
              "isInner": false,
              "widgetType": "mf-text",
              "elType": "widget"
            }
          ],
          "isInner": true,
          "elType": "container"
        },
        {
          "id": "3a3fe36c",
          "settings": {
            "mf_input_label": "Email Address",
            "mf_input_name": "mf-email",
            "mf_input_placeholder": "",
            "mf_input_help_text": "Example: user@website.com",
            "mf_input_required": "yes",
            "mf_input_label_color": "#0D1427",
            "mf_input_label_typography_typography": "custom",
            "mf_input_label_typography_font_family": "IBM Plex Sans",
            "mf_input_label_typography_font_size": {
              "unit": "px",
              "size": 16,
              "sizes": []
            },
            "mf_input_label_typography_font_weight": "500",
            "mf_input_label_typography_line_height": {
              "unit": "px",
              "size": 21,
              "sizes": []
            },
            "mf_input_label_margin": {
              "unit": "px",
              "top": "0",
              "right": "0",
              "bottom": "7",
              "left": "0",
              "isLinked": false
            },
            "mf_input_padding": {
              "unit": "px",
              "top": "15",
              "right": "24",
              "bottom": "17",
              "left": "24",
              "isLinked": false
            },
            "mf_input_color": "#0D1427",
            "mf_input_border_border": "solid",
            "mf_input_border_width": {
              "unit": "px",
              "top": "1",
              "right": "1",
              "bottom": "1",
              "left": "1",
              "isLinked": true
            },
            "mf_input_border_color": "#EAECF1",
            "mf_input_typgraphy_typography": "custom",
            "mf_input_typgraphy_font_family": "IBM Plex Sans",
            "mf_input_typgraphy_font_size": {
              "unit": "px",
              "size": 14,
              "sizes": []
            },
            "mf_input_typgraphy_font_weight": "400",
            "mf_input_typgraphy_line_height": {
              "unit": "px",
              "size": 18,
              "sizes": []
            },
            "mf_input_border_radius": {
              "unit": "px",
              "size": 6,
              "sizes": []
            },
            "mf_input_place_holder_typography_typography": "custom",
            "mf_input_place_holder_typography_font_family": "IBM Plex Sans",
            "mf_input_place_holder_typography_font_weight": "400",
            "mf_input_placeholder_color": "#878991",
            "mf_input_help_text_typography_typography": "custom",
            "mf_input_help_text_typography_font_family": "IBM Plex Sans",
            "mf_input_help_text_typography_font_size": {
              "unit": "px",
              "size": 13,
              "sizes": []
            },
            "mf_input_help_text_typography_font_weight": "400",
            "mf_input_help_text_typography_line_height": {
              "unit": "px",
              "size": 17,
              "sizes": []
            },
            "mf_input_validation_warning_message": "This field is required.",
            "mf_input_help_text_color": "#96989F",
            "mf_conditional_logic_form_list": [],
            "mf_input_label_typography_line_height_tablet": {
              "unit": "px",
              "size": "",
              "sizes": []
            },
            "mf_input_label_typography_line_height_mobile": {
              "unit": "px",
              "size": "",
              "sizes": []
            },
            "mf_input_background_background": "classic",
            "mf_input_background_color": "#F6F7FA",
            "mf_input_background_hover_color": "#FFFFFF",
            "mf_input_background_focus_background": "classic",
            "mf_input_background_focus_color": "#FFFFFF",
            "mf_input_border_focus_border": "solid",
            "mf_input_border_focus_color": "#D6D8E0",
            "mf_input_typgraphy_line_height_tablet": {
              "unit": "px",
              "size": "",
              "sizes": []
            },
            "mf_input_typgraphy_line_height_mobile": {
              "unit": "px",
              "size": "",
              "sizes": []
            },
            "mf_input_typgraphy_word_spacing_tablet": {
              "unit": "px",
              "size": "",
              "sizes": []
            },
            "mf_input_typgraphy_word_spacing_mobile": {
              "unit": "px",
              "size": "",
              "sizes": []
            },
            "mf_input_place_holder_typography_font_size": {
              "unit": "px",
              "size": 14,
              "sizes": []
            },
            "mf_input_place_holder_typography_line_height": {
              "unit": "px",
              "size": 18,
              "sizes": []
            },
            "mf_input_place_holder_typography_line_height_tablet": {
              "unit": "px",
              "size": "",
              "sizes": []
            },
            "mf_input_place_holder_typography_line_height_mobile": {
              "unit": "px",
              "size": "",
              "sizes": []
            },
            "mf_input_help_text_typography_line_height_tablet": {
              "unit": "px",
              "size": "",
              "sizes": []
            },
            "mf_input_help_text_typography_line_height_mobile": {
              "unit": "px",
              "size": "",
              "sizes": []
            },
            "_margin": {
              "unit": "px",
              "top": "0",
              "right": "0",
              "bottom": "0",
              "left": "0",
              "isLinked": false
            },
            "ekit_all_conditions_list": [
              {
                "_id": "30812ac"
              }
            ],
            "ekit_adv_tooltip_content": "Tooltip Content.",
            "_element_width": "inherit"
          },
          "elements": [],
          "isInner": false,
          "widgetType": "mf-email",
          "elType": "widget"
        },
        {
          "id": "11589401",
          "settings": {
            "mf_input_label": "Select Department",
            "mf_input_name": "mf-dept",
            "mf_input_display_option": "block",
            "mf_input_list": [
              {
                "mf_input_option_text": "Sales",
                "mf_input_option_value": "value-1",
                "_id": "87f3be6"
              },
              {
                "mf_input_option_text": "Customer Support",
                "mf_input_option_value": "value-2",
                "_id": "02d4f80"
              },
              {
                "mf_input_option_text": "Product Development",
                "mf_input_option_value": "value-3",
                "_id": "87337a0"
              },
              {
                "mf_input_option_text": "Others",
                "mf_input_option_value": "value-4",
                "_id": "3a5ef77"
              }
            ],
            "mf_input_label_color": "#0D1427",
            "mf_input_label_typography_typography": "custom",
            "mf_input_label_typography_font_family": "IBM Plex Sans",
            "mf_input_label_typography_font_size": {
              "unit": "px",
              "size": 16,
              "sizes": []
            },
            "mf_input_label_typography_font_weight": "500",
            "mf_input_label_typography_line_height": {
              "unit": "px",
              "size": 21,
              "sizes": []
            },
            "mf_input_label_margin": {
              "unit": "px",
              "top": "0",
              "right": "0",
              "bottom": "4",
              "left": "0",
              "isLinked": false
            },
            "mf_input_required_indicator_color": "#FC2F2F",
            "mf_input_typgraphy_typography": "custom",
            "mf_input_typgraphy_font_family": "Helvetica",
            "mf_input_typgraphy_font_size": {
              "unit": "px",
              "size": 16,
              "sizes": []
            },
            "mf_input_typgraphy_line_height": {
              "unit": "px",
              "size": 15,
              "sizes": []
            },
            "mf_input_help_text_typography_typography": "custom",
            "mf_input_help_text_typography_font_family": "Helvetica",
            "mf_input_help_text_typography_font_size": {
              "unit": "px",
              "size": 12,
              "sizes": []
            },
            "mf_input_help_text_typography_font_weight": "400",
            "mf_input_help_text_typography_font_style": "italic",
            "mf_input_help_text_typography_line_height": {
              "unit": "px",
              "size": 14,
              "sizes": []
            },
            "mf_input_help_text_padding": {
              "unit": "px",
              "top": "3",
              "right": "0",
              "bottom": "0",
              "left": "0",
              "isLinked": false
            },
            "mf_input_option_color": "#54565C",
            "mf_input_option_icon_color": "#A3A9BA",
            "mf_input_required": "yes",
            "mf_input_option_padding": {
              "unit": "px",
              "top": "7",
              "right": "0",
              "bottom": "0",
              "left": "0",
              "isLinked": false
            },
            "mf_input_typgraphy_font_weight": "400",
            "mf_input_option_icon_horizontal_position": {
              "unit": "px",
              "size": 0,
              "sizes": []
            },
            "mf_input_typgraphy_text_typography": "custom",
            "mf_input_typgraphy_text_font_family": "IBM Plex Sans",
            "mf_input_typgraphy_text_font_size": {
              "unit": "px",
              "size": 15,
              "sizes": []
            },
            "mf_input_typgraphy_text_font_weight": "400",
            "mf_input_typgraphy_text_line_height": {
              "unit": "px",
              "size": 21,
              "sizes": []
            },
            "mf_input_validation_warning_message": "This field is required.",
            "mf_input_help_text_color": "#555555",
            "mf_conditional_logic_form_list": [],
            "mf_input_option_icon_color_checked": "#3970FF",
            "mf_input_option_space_between": {
              "unit": "px",
              "size": 21,
              "sizes": []
            },
            "_margin": {
              "unit": "px",
              "top": "0",
              "right": "0",
              "bottom": "0",
              "left": "0",
              "isLinked": false
            },
            "ekit_all_conditions_list": [
              {
                "_id": "5d95802"
              }
            ],
            "ekit_adv_tooltip_content": "Tooltip Content.",
            "mf_input_warning_text_color": "#FC2F2F",
            "_element_width": "inherit"
          },
          "elements": [],
          "isInner": false,
          "widgetType": "mf-radio",
          "elType": "widget"
        },
        {
          "id": "6ebe8d73",
          "settings": {
            "mf_input_label": "Subject",
            "mf_input_name": "mf-subject",
            "mf_input_placeholder": "",
            "mf_input_help_text": "Write your knowledge base heading which youu2019re into",
            "mf_input_required": "yes",
            "mf_input_label_color": "#0D1427",
            "mf_input_label_typography_typography": "custom",
            "mf_input_label_typography_font_family": "IBM Plex Sans",
            "mf_input_label_typography_font_size": {
              "unit": "px",
              "size": 16,
              "sizes": []
            },
            "mf_input_label_typography_font_weight": "500",
            "mf_input_label_typography_line_height": {
              "unit": "px",
              "size": 21,
              "sizes": []
            },
            "mf_input_label_margin": {
              "unit": "px",
              "top": "0",
              "right": "0",
              "bottom": "7",
              "left": "0",
              "isLinked": false
            },
            "mf_input_padding": {
              "unit": "px",
              "top": "15",
              "right": "24",
              "bottom": "17",
              "left": "24",
              "isLinked": false
            },
            "mf_input_color": "#0D1427",
            "mf_input_border_border": "solid",
            "mf_input_border_width": {
              "unit": "px",
              "top": "1",
              "right": "1",
              "bottom": "1",
              "left": "1",
              "isLinked": true
            },
            "mf_input_border_color": "#EAECF1",
            "mf_input_typgraphy_typography": "custom",
            "mf_input_typgraphy_font_family": "IBM Plex Sans",
            "mf_input_typgraphy_font_size": {
              "unit": "px",
              "size": 14,
              "sizes": []
            },
            "mf_input_typgraphy_font_weight": "400",
            "mf_input_typgraphy_line_height": {
              "unit": "px",
              "size": 18,
              "sizes": []
            },
            "mf_input_border_radius": {
              "unit": "px",
              "size": 6,
              "sizes": []
            },
            "mf_input_place_holder_typography_typography": "custom",
            "mf_input_place_holder_typography_font_family": "IBM Plex Sans",
            "mf_input_place_holder_typography_font_weight": "400",
            "mf_input_placeholder_color": "#878991",
            "mf_input_help_text_typography_typography": "custom",
            "mf_input_help_text_typography_font_family": "IBM Plex Sans",
            "mf_input_help_text_typography_font_size": {
              "unit": "px",
              "size": 13,
              "sizes": []
            },
            "mf_input_help_text_typography_font_weight": "400",
            "mf_input_help_text_typography_line_height": {
              "unit": "px",
              "size": 17,
              "sizes": []
            },
            "mf_input_validation_warning_message": "This field is required.",
            "mf_input_help_text_color": "#96989F",
            "mf_conditional_logic_form_list": [],
            "mf_input_label_typography_line_height_tablet": {
              "unit": "px",
              "size": "",
              "sizes": []
            },
            "mf_input_label_typography_line_height_mobile": {
              "unit": "px",
              "size": "",
              "sizes": []
            },
            "mf_input_background_background": "classic",
            "mf_input_background_color": "#F6F7FA",
            "mf_input_background_hover_color": "#FFFFFF",
            "mf_input_background_focus_background": "classic",
            "mf_input_background_focus_color": "#FFFFFF",
            "mf_input_border_focus_border": "solid",
            "mf_input_border_focus_color": "#D6D8E0",
            "mf_input_typgraphy_line_height_tablet": {
              "unit": "px",
              "size": "",
              "sizes": []
            },
            "mf_input_typgraphy_line_height_mobile": {
              "unit": "px",
              "size": "",
              "sizes": []
            },
            "mf_input_typgraphy_word_spacing_tablet": {
              "unit": "px",
              "size": "",
              "sizes": []
            },
            "mf_input_typgraphy_word_spacing_mobile": {
              "unit": "px",
              "size": "",
              "sizes": []
            },
            "mf_input_place_holder_typography_font_size": {
              "unit": "px",
              "size": 14,
              "sizes": []
            },
            "mf_input_place_holder_typography_line_height": {
              "unit": "px",
              "size": 18,
              "sizes": []
            },
            "mf_input_place_holder_typography_line_height_tablet": {
              "unit": "px",
              "size": "",
              "sizes": []
            },
            "mf_input_place_holder_typography_line_height_mobile": {
              "unit": "px",
              "size": "",
              "sizes": []
            },
            "mf_input_help_text_typography_line_height_tablet": {
              "unit": "px",
              "size": "",
              "sizes": []
            },
            "mf_input_help_text_typography_line_height_mobile": {
              "unit": "px",
              "size": "",
              "sizes": []
            },
            "_margin": {
              "unit": "px",
              "top": "0",
              "right": "0",
              "bottom": "0",
              "left": "0",
              "isLinked": false
            },
            "ekit_all_conditions_list": [
              {
                "_id": "30812ac"
              }
            ],
            "ekit_adv_tooltip_content": "Tooltip Content.",
            "_element_width": "inherit"
          },
          "elements": [],
          "isInner": false,
          "widgetType": "mf-text",
          "elType": "widget"
        },
        {
          "id": "20d93ff9",
          "settings": {
            "mf_input_label": "Comments / Message",
            "mf_input_name": "mf-comments",
            "mf_input_placeholder": "",
            "mf_input_required": "yes",
            "mf_input_label_color": "#0D1427",
            "mf_input_label_typography_typography": "custom",
            "mf_input_label_typography_font_family": "IBM Plex Sans",
            "mf_input_label_typography_font_size": {
              "unit": "px",
              "size": 16,
              "sizes": []
            },
            "mf_input_label_typography_font_weight": "500",
            "mf_input_label_typography_line_height": {
              "unit": "px",
              "size": 21,
              "sizes": []
            },
            "mf_input_label_margin": {
              "unit": "px",
              "top": "0",
              "right": "0",
              "bottom": "7",
              "left": "0",
              "isLinked": false
            },
            "mf_input_required_indicator_color": "#FF0000",
            "mf_input_padding": {
              "unit": "px",
              "top": "15",
              "right": "24",
              "bottom": "17",
              "left": "24",
              "isLinked": false
            },
            "mf_input_color": "#0D1427",
            "mf_input_border_border": "solid",
            "mf_input_border_width": {
              "unit": "px",
              "top": "1",
              "right": "1",
              "bottom": "1",
              "left": "1",
              "isLinked": true
            },
            "mf_input_border_color": "#EAECF1",
            "mf_input_typgraphy_typography": "custom",
            "mf_input_typgraphy_font_family": "IBM Plex Sans",
            "mf_input_typgraphy_font_size": {
              "unit": "px",
              "size": 14,
              "sizes": []
            },
            "mf_input_typgraphy_font_weight": "400",
            "mf_input_typgraphy_line_height": {
              "unit": "px",
              "size": 18,
              "sizes": []
            },
            "mf_input_border_radius": {
              "unit": "px",
              "size": 6,
              "sizes": []
            },
            "mf_input_box_shadow_box_shadow": {
              "horizontal": 0,
              "vertical": 3,
              "blur": 5,
              "spread": 0,
              "color": "rgba(0,0,0,0.05)"
            },
            "mf_input_place_holder_typography_typography": "custom",
            "mf_input_place_holder_typography_font_family": "IBM Plex Sans",
            "mf_input_place_holder_typography_font_weight": "500",
            "mf_input_placeholder_color": "#878991",
            "mf_input_help_text_typography_typography": "custom",
            "mf_input_help_text_typography_font_family": "IBM Plex Sans",
            "mf_input_help_text_typography_font_size": {
              "unit": "px",
              "size": 13,
              "sizes": []
            },
            "mf_input_help_text_typography_font_weight": "400",
            "mf_input_help_text_typography_line_height": {
              "unit": "px",
              "size": 17,
              "sizes": []
            },
            "mf_input_help_text_padding": {
              "unit": "px",
              "top": "3",
              "right": "0",
              "bottom": "0",
              "left": "0",
              "isLinked": false
            },
            "mf_textarea_field_height": {
              "unit": "px",
              "size": 140,
              "sizes": []
            },
            "mf_input_help_text": "How may we help you? Please be brief as much as possible",
            "mf_input_validation_warning_message": "This field is required.",
            "mf_input_help_text_color": "#96989F",
            "mf_conditional_logic_form_list": [],
            "mf_input_background_background": "classic",
            "mf_input_background_color": "#F6F7FA",
            "mf_input_background_focus_background": "classic",
            "mf_input_background_focus_color": "#FFFFFF",
            "mf_input_border_focus_border": "solid",
            "mf_input_border_focus_color": "#D6D8E0",
            "mf_input_place_holder_typography_font_size": {
              "unit": "px",
              "size": 14,
              "sizes": []
            },
            "mf_input_place_holder_typography_line_height": {
              "unit": "px",
              "size": 17,
              "sizes": []
            },
            "mf_input_place_holder_typography_line_height_tablet": {
              "unit": "px",
              "size": "",
              "sizes": []
            },
            "mf_input_place_holder_typography_line_height_mobile": {
              "unit": "px",
              "size": "",
              "sizes": []
            },
            "_margin": {
              "unit": "px",
              "top": "0",
              "right": "0",
              "bottom": "0",
              "left": "0",
              "isLinked": false
            },
            "ekit_all_conditions_list": [
              {
                "_id": "f8073f3"
              }
            ],
            "ekit_adv_tooltip_content": "Tooltip Content.",
            "_element_width": "inherit"
          },
          "elements": [],
          "isInner": false,
          "widgetType": "mf-textarea",
          "elType": "widget"
        },
        {
          "id": "1131e7a8",
          "settings": {
            "mf_input_label": "Attachment",
            "mf_input_name": "attachment",
            "mf_input_choose_file": "Upload a screenshot",
            "mf_input_no_file": "No file chosen.",
            "mf_input_validation_warning_message": "This field is required.",
            "mf_conditional_logic_form_list": [],
            "mf_input_label_color": "#0D1427",
            "mf_input_label_typography_typography": "custom",
            "mf_input_label_typography_font_family": "IBM Plex Sans",
            "mf_input_label_typography_font_size": {
              "unit": "px",
              "size": 16,
              "sizes": []
            },
            "mf_input_label_typography_font_weight": "500",
            "mf_input_label_typography_line_height": {
              "unit": "px",
              "size": 21,
              "sizes": []
            },
            "mf_input_label_margin": {
              "unit": "px",
              "top": "0",
              "right": "0",
              "bottom": "11",
              "left": "0",
              "isLinked": false
            },
            "mf_input_color_hover": "#54565C",
            "mf_input_color_focus": "#54565C",
            "mf_input_typgraphy_typography": "custom",
            "mf_input_typgraphy_font_family": "Roboto",
            "mf_input_typgraphy_font_size": {
              "unit": "px",
              "size": 13,
              "sizes": []
            },
            "mf_input_typgraphy_font_weight": "500",
            "mf_input_border_radius": {
              "unit": "px",
              "size": 4,
              "sizes": []
            },
            "mf_input_padding": {
              "unit": "px",
              "top": "14",
              "right": "24",
              "bottom": "14",
              "left": "24",
              "isLinked": false
            },
            "mf_input_typgraphy_line_height": {
              "unit": "px",
              "size": 11,
              "sizes": []
            },
            "mf_file_upload_file_name_color": "#54565C",
            "mf_file_upload_file_name_typography_typography": "custom",
            "mf_file_upload_file_name_typography_font_family": "Inter",
            "mf_file_upload_file_name_typography_font_size": {
              "unit": "px",
              "size": 14,
              "sizes": []
            },
            "mf_file_upload_file_name_typography_font_weight": "400",
            "mf_file_upload_file_name_typography_line_height": {
              "unit": "px",
              "size": 12,
              "sizes": []
            },
            "_margin": {
              "unit": "px",
              "top": "0",
              "right": "0",
              "bottom": "10",
              "left": "0",
              "isLinked": false
            },
            "ekit_all_conditions_list": [
              {
                "_id": "70e7068"
              }
            ],
            "ekit_adv_tooltip_content": "Tooltip Content.",
            "mf_input_required_indicator_color": "#101010",
            "mf_input_margin": {
              "unit": "px",
              "top": "0",
              "right": "16",
              "bottom": "0",
              "left": "0",
              "isLinked": false
            },
            "mf_input_background_background": "classic",
            "mf_input_background_color": "#E7EAF2",
            "mf_input_border_border": "solid",
            "mf_input_border_width": {
              "unit": "px",
              "top": "0",
              "right": "0",
              "bottom": "0",
              "left": "0",
              "isLinked": true
            },
            "mf_input_background_hover_background": "classic",
            "mf_input_background_hover_color": "#D8DDEA",
            "mf_input_background_focus_background": "classic",
            "mf_input_background_focus_color": "#D8DDEA",
            "mf_input_box_shadow_box_shadow": {
              "horizontal": 0,
              "vertical": 3,
              "blur": 5,
              "spread": 0,
              "color": "rgba(0,0,0,0.05)"
            },
            "mf_file_upload_file_name_hover_color": "#3970FF",
            "mf_input_help_text_typography_typography": "custom",
            "mf_input_help_text_typography_font_family": "IBM Plex Sans",
            "mf_input_help_text_typography_font_size": {
              "unit": "px",
              "size": 13,
              "sizes": []
            },
            "mf_input_help_text_typography_font_weight": "400",
            "mf_input_help_text_typography_line_height": {
              "unit": "px",
              "size": 17,
              "sizes": []
            },
            "mf_input_help_text_color": "#96989F",
            "_element_width": "inherit"
          },
          "elements": [],
          "isInner": false,
          "widgetType": "mf-file-upload",
          "elType": "widget"
        },
        {
          "id": "4ce65b0f",
          "settings": {
            "mf_btn_text": "Submit Now",
            "mf_btn_align": "",
            "mf_btn_text_padding": {
              "unit": "px",
              "top": "17",
              "right": "28",
              "bottom": "16",
              "left": "28",
              "isLinked": false
            },
            "mf_btn_typography_typography": "custom",
            "mf_btn_typography_font_family": "Roboto",
            "mf_btn_typography_font_size": {
              "unit": "px",
              "size": 14,
              "sizes": []
            },
            "mf_btn_typography_font_weight": "500",
            "mf_btn_typography_line_height": {
              "unit": "px",
              "size": 11,
              "sizes": []
            },
            "mf_btn_bg_color_background": "classic",
            "mf_btn_bg_color_color": "#3970FF",
            "mf_btn_box_shadow_group_box_shadow_type": "yes",
            "mf_btn_box_shadow_group_box_shadow": {
              "horizontal": 0,
              "vertical": 0,
              "blur": 0,
              "spread": 0,
              "color": "rgba(0,0,0,0.5)"
            },
            "mf_conditional_logic_form_list": [],
            "mf_hidden_input": [],
            "mf_btn_typography_line_height_tablet": {
              "unit": "px",
              "size": "",
              "sizes": []
            },
            "mf_btn_typography_line_height_mobile": {
              "unit": "px",
              "size": "",
              "sizes": []
            },
            "mf_btn_text_color": "#FFFFFF",
            "mf_btn_hover_color": "",
            "mf_btn_bg_hover_color_background": "classic",
            "mf_btn_border_radius": {
              "unit": "px",
              "top": "8",
              "right": "8",
              "bottom": "8",
              "left": "8",
              "isLinked": true
            },
            "_element_width": "auto",
            "ekit_all_conditions_list": [
              {
                "_id": "eed14b8"
              }
            ],
            "ekit_adv_tooltip_content": "Tooltip Content.",
            "_border_radius": {
              "unit": "px",
              "top": "8",
              "right": "8",
              "bottom": "8",
              "left": "8",
              "isLinked": true
            },
            "_box_shadow_hover_box_shadow_type": "yes",
            "_box_shadow_hover_box_shadow": {
              "horizontal": 0,
              "vertical": 2,
              "blur": 4,
              "spread": 0,
              "color": "rgba(2.9999999999999996, 28.00000000000002, 90, 0.4)"
            },
            "_margin": {
              "unit": "px",
              "top": "0",
              "right": "0",
              "bottom": "0",
              "left": "0",
              "isLinked": false
            }
          },
          "elements": [],
          "isInner": false,
          "widgetType": "mf-button",
          "elType": "widget"
        }
      ],
      "isInner": false,
      "elType": "container"
    }
  ],
  "page_settings": [],
  "version": "0.4",
  "title": "support-form",
  "type": "page"
}