{
  "content": [
    {
      "id": "38eabb47",
      "settings": {
        "box_shadow_box_shadow": {
          "horizontal": 0,
          "vertical": 30,
          "blur": 50,
          "spread": 0,
          "color": "rgba(3.0000000000000053, 12.000000000000005, 35, 0.08)"
        },
        "background_color": "#ffffff",
        "padding_tablet": {
          "unit": "px",
          "top": "35",
          "right": "15",
          "bottom": "35",
          "left": "15",
          "isLinked": false
        },
        "content_width": "full",
        "ekit_all_conditions_list": [
          {
            "_id": "2bde398"
          }
        ],
        "ekit_section_parallax_multi_items": [],
        "padding": {
          "unit": "px",
          "top": "29",
          "right": "35",
          "bottom": "39",
          "left": "35",
          "isLinked": false
        },
        "flex_direction": "column",
        "flex_align_items": "stretch",
        "flex_gap": {
          "size": 0,
          "column": "0",
          "row": "0",
          "unit": "px"
        }
      },
      "elements": [
        {
          "id": "35b39e5b",
          "settings": {
            "title": "Job Application Form",
            "header_size": "h3",
            "title_color": "#0D1427",
            "typography_typography": "custom",
            "typography_font_family": "IBM Plex Sans",
            "typography_font_size": {
              "unit": "px",
              "size": 26,
              "sizes": []
            },
            "typography_font_weight": "700",
            "typography_line_height": {
              "unit": "px",
              "size": 34,
              "sizes": []
            },
            "typography_line_height_tablet": {
              "unit": "px",
              "size": "",
              "sizes": []
            },
            "typography_line_height_mobile": {
              "unit": "px",
              "size": "",
              "sizes": []
            },
            "_padding": {
              "unit": "px",
              "top": "12",
              "right": "0",
              "bottom": "030",
              "left": "0",
              "isLinked": false
            },
            "ekit_all_conditions_list": [
              {
                "_id": "63c841d"
              }
            ],
            "ekit_adv_tooltip_content": "Tooltip Content."
          },
          "elements": [],
          "isInner": false,
          "widgetType": "heading",
          "elType": "widget"
        },
        {
          "id": "a6000d2",
          "settings": {
            "structure": "20",
            "content_width": "full",
            "ekit_all_conditions_list": [
              {
                "_id": "0a3fc97"
              }
            ],
            "ekit_section_parallax_multi_items": [],
            "flex_direction": "row",
            "flex_align_items": "stretch",
            "flex_gap": {
              "size": 10,
              "column": "10",
              "row": "10",
              "unit": "px"
            },
            "container_type": "grid",
            "grid_columns_grid": {
              "unit": "fr",
              "size": 2,
              "sizes": []
            },
            "grid_rows_grid": {
              "unit": "fr",
              "size": 3,
              "sizes": []
            },
            "grid_gaps": {
              "column": "30",
              "row": "22",
              "isLinked": false,
              "unit": "px"
            },
            "margin": {
              "unit": "px",
              "top": "0",
              "right": "0",
              "bottom": "0",
              "left": "0",
              "isLinked": false
            },
            "padding": {
              "unit": "px",
              "top": "0",
              "right": "0",
              "bottom": "0",
              "left": "0",
              "isLinked": false
            },
            "presetTitle": "Grid",
            "presetIcon": "eicon-container-grid"
          },
          "elements": [
            {
              "id": "61698ff2",
              "settings": {
                "mf_input_label": "First Name",
                "mf_input_name": "mf-first-name",
                "mf_input_placeholder": "Anderson",
                "mf_input_help_text": "Enter your first name here",
                "mf_input_label_typography_typography": "custom",
                "mf_input_label_typography_font_family": "IBM Plex Sans",
                "mf_input_label_typography_font_size": {
                  "unit": "px",
                  "size": 16,
                  "sizes": []
                },
                "mf_input_label_typography_font_weight": "500",
                "mf_input_label_typography_line_height": {
                  "unit": "px",
                  "size": 21,
                  "sizes": []
                },
                "mf_input_min_length": 1,
                "mf_input_label_color": "#0D1427",
                "mf_input_label_margin": {
                  "unit": "px",
                  "top": "0",
                  "right": "0",
                  "bottom": "7",
                  "left": "0",
                  "isLinked": false
                },
                "mf_input_padding": {
                  "unit": "px",
                  "top": "15",
                  "right": "24",
                  "bottom": "17",
                  "left": "24",
                  "isLinked": false
                },
                "mf_input_color": "#0D1427",
                "mf_input_border_border": "solid",
                "mf_input_border_width": {
                  "unit": "px",
                  "top": "1",
                  "right": "1",
                  "bottom": "1",
                  "left": "1",
                  "isLinked": true
                },
                "mf_input_border_color": "#EAECF1",
                "mf_input_typgraphy_typography": "custom",
                "mf_input_typgraphy_font_family": "IBM Plex Sans",
                "mf_input_typgraphy_font_size": {
                  "unit": "px",
                  "size": 14,
                  "sizes": []
                },
                "mf_input_typgraphy_font_weight": "400",
                "mf_input_typgraphy_line_height": {
                  "unit": "px",
                  "size": 18,
                  "sizes": []
                },
                "mf_input_border_radius": {
                  "unit": "px",
                  "size": 6,
                  "sizes": []
                },
                "mf_input_place_holder_typography_typography": "custom",
                "mf_input_place_holder_typography_font_family": "IBM Plex Sans",
                "mf_input_place_holder_typography_font_weight": "400",
                "mf_input_placeholder_color": "#878991",
                "mf_input_help_text_typography_typography": "custom",
                "mf_input_help_text_typography_font_family": "IBM Plex Sans",
                "mf_input_help_text_typography_font_size": {
                  "unit": "px",
                  "size": 13,
                  "sizes": []
                },
                "mf_input_help_text_typography_font_weight": "400",
                "mf_input_help_text_typography_line_height": {
                  "unit": "px",
                  "size": 17,
                  "sizes": []
                },
                "mf_input_required": "yes",
                "mf_input_validation_warning_message": "This field is required.",
                "mf_input_help_text_color": "#96989F",
                "mf_conditional_logic_form_list": [],
                "mf_input_label_typography_line_height_tablet": {
                  "unit": "px",
                  "size": "",
                  "sizes": []
                },
                "mf_input_label_typography_line_height_mobile": {
                  "unit": "px",
                  "size": "",
                  "sizes": []
                },
                "mf_input_background_background": "classic",
                "mf_input_background_color": "#F6F7FA",
                "mf_input_background_hover_color": "#FFFFFF",
                "mf_input_background_focus_background": "classic",
                "mf_input_background_focus_color": "#FFFFFF",
                "mf_input_border_focus_border": "solid",
                "mf_input_border_focus_color": "#D6D8E0",
                "mf_input_typgraphy_line_height_tablet": {
                  "unit": "px",
                  "size": "",
                  "sizes": []
                },
                "mf_input_typgraphy_line_height_mobile": {
                  "unit": "px",
                  "size": "",
                  "sizes": []
                },
                "mf_input_typgraphy_word_spacing_tablet": {
                  "unit": "px",
                  "size": "",
                  "sizes": []
                },
                "mf_input_typgraphy_word_spacing_mobile": {
                  "unit": "px",
                  "size": "",
                  "sizes": []
                },
                "mf_input_place_holder_typography_font_size": {
                  "unit": "px",
                  "size": 14,
                  "sizes": []
                },
                "mf_input_place_holder_typography_line_height": {
                  "unit": "px",
                  "size": 18,
                  "sizes": []
                },
                "mf_input_place_holder_typography_line_height_tablet": {
                  "unit": "px",
                  "size": "",
                  "sizes": []
                },
                "mf_input_place_holder_typography_line_height_mobile": {
                  "unit": "px",
                  "size": "",
                  "sizes": []
                },
                "mf_input_help_text_typography_line_height_tablet": {
                  "unit": "px",
                  "size": "",
                  "sizes": []
                },
                "mf_input_help_text_typography_line_height_mobile": {
                  "unit": "px",
                  "size": "",
                  "sizes": []
                },
                "ekit_all_conditions_list": [
                  {
                    "_id": "30812ac"
                  }
                ],
                "ekit_adv_tooltip_content": "Tooltip Content."
              },
              "elements": [],
              "isInner": false,
              "widgetType": "mf-text",
              "elType": "widget"
            },
            {
              "id": "31ef64d",
              "settings": {
                "mf_input_label": "Last Name",
                "mf_input_name": "mf-last-name",
                "mf_input_placeholder": "Mikoo",
                "mf_input_help_text": "Enter your last name here",
                "mf_input_label_color": "#0D1427",
                "mf_input_label_typography_typography": "custom",
                "mf_input_label_typography_font_family": "IBM Plex Sans",
                "mf_input_label_typography_font_size": {
                  "unit": "px",
                  "size": 16,
                  "sizes": []
                },
                "mf_input_label_typography_font_weight": "500",
                "mf_input_label_typography_line_height": {
                  "unit": "px",
                  "size": 21,
                  "sizes": []
                },
                "mf_input_label_margin": {
                  "unit": "px",
                  "top": "0",
                  "right": "0",
                  "bottom": "7",
                  "left": "0",
                  "isLinked": false
                },
                "mf_input_padding": {
                  "unit": "px",
                  "top": "15",
                  "right": "24",
                  "bottom": "17",
                  "left": "24",
                  "isLinked": false
                },
                "mf_input_color": "#0D1427",
                "mf_input_border_border": "solid",
                "mf_input_border_width": {
                  "unit": "px",
                  "top": "1",
                  "right": "1",
                  "bottom": "1",
                  "left": "1",
                  "isLinked": true
                },
                "mf_input_border_color": "#EAECF1",
                "mf_input_typgraphy_typography": "custom",
                "mf_input_typgraphy_font_family": "IBM Plex Sans",
                "mf_input_typgraphy_font_size": {
                  "unit": "px",
                  "size": 14,
                  "sizes": []
                },
                "mf_input_typgraphy_font_weight": "400",
                "mf_input_typgraphy_line_height": {
                  "unit": "px",
                  "size": 18,
                  "sizes": []
                },
                "mf_input_border_radius": {
                  "unit": "px",
                  "size": 6,
                  "sizes": []
                },
                "mf_input_place_holder_typography_typography": "custom",
                "mf_input_place_holder_typography_font_family": "IBM Plex Sans",
                "mf_input_place_holder_typography_font_weight": "400",
                "mf_input_placeholder_color": "#878991",
                "mf_input_help_text_typography_typography": "custom",
                "mf_input_help_text_typography_font_family": "IBM Plex Sans",
                "mf_input_help_text_typography_font_size": {
                  "unit": "px",
                  "size": 13,
                  "sizes": []
                },
                "mf_input_help_text_typography_font_weight": "400",
                "mf_input_help_text_typography_line_height": {
                  "unit": "px",
                  "size": 17,
                  "sizes": []
                },
                "mf_input_required": "yes",
                "mf_input_validation_warning_message": "This field is required.",
                "mf_input_help_text_color": "#96989F",
                "mf_conditional_logic_form_list": [],
                "mf_input_label_typography_line_height_tablet": {
                  "unit": "px",
                  "size": "",
                  "sizes": []
                },
                "mf_input_label_typography_line_height_mobile": {
                  "unit": "px",
                  "size": "",
                  "sizes": []
                },
                "mf_input_background_background": "classic",
                "mf_input_background_color": "#F6F7FA",
                "mf_input_background_hover_color": "#FFFFFF",
                "mf_input_background_focus_background": "classic",
                "mf_input_background_focus_color": "#FFFFFF",
                "mf_input_border_focus_border": "solid",
                "mf_input_border_focus_color": "#D6D8E0",
                "mf_input_typgraphy_line_height_tablet": {
                  "unit": "px",
                  "size": "",
                  "sizes": []
                },
                "mf_input_typgraphy_line_height_mobile": {
                  "unit": "px",
                  "size": "",
                  "sizes": []
                },
                "mf_input_typgraphy_word_spacing_tablet": {
                  "unit": "px",
                  "size": "",
                  "sizes": []
                },
                "mf_input_typgraphy_word_spacing_mobile": {
                  "unit": "px",
                  "size": "",
                  "sizes": []
                },
                "mf_input_place_holder_typography_font_size": {
                  "unit": "px",
                  "size": 14,
                  "sizes": []
                },
                "mf_input_place_holder_typography_line_height": {
                  "unit": "px",
                  "size": 18,
                  "sizes": []
                },
                "mf_input_place_holder_typography_line_height_tablet": {
                  "unit": "px",
                  "size": "",
                  "sizes": []
                },
                "mf_input_place_holder_typography_line_height_mobile": {
                  "unit": "px",
                  "size": "",
                  "sizes": []
                },
                "mf_input_help_text_typography_line_height_tablet": {
                  "unit": "px",
                  "size": "",
                  "sizes": []
                },
                "mf_input_help_text_typography_line_height_mobile": {
                  "unit": "px",
                  "size": "",
                  "sizes": []
                },
                "ekit_all_conditions_list": [
                  {
                    "_id": "30812ac"
                  }
                ],
                "ekit_adv_tooltip_content": "Tooltip Content."
              },
              "elements": [],
              "isInner": false,
              "widgetType": "mf-text",
              "elType": "widget"
            },
            {
              "id": "4a04988f",
              "settings": {
                "mf_input_label": "Contact Number",
                "mf_input_name": "mf-contact-num",
                "mf_input_placeholder": "",
                "mf_input_help_text": "Example: +1 212-695-1962",
                "mf_input_required": "yes",
                "mf_input_label_color": "#0D1427",
                "mf_input_label_typography_typography": "custom",
                "mf_input_label_typography_font_family": "IBM Plex Sans",
                "mf_input_label_typography_font_size": {
                  "unit": "px",
                  "size": 16,
                  "sizes": []
                },
                "mf_input_label_typography_font_weight": "500",
                "mf_input_label_typography_line_height": {
                  "unit": "px",
                  "size": 21,
                  "sizes": []
                },
                "mf_input_label_margin": {
                  "unit": "px",
                  "top": "0",
                  "right": "0",
                  "bottom": "7",
                  "left": "0",
                  "isLinked": false
                },
                "mf_input_padding": {
                  "unit": "px",
                  "top": "15",
                  "right": "24",
                  "bottom": "17",
                  "left": "24",
                  "isLinked": false
                },
                "mf_input_color": "#0D1427",
                "mf_input_border_border": "solid",
                "mf_input_border_width": {
                  "unit": "px",
                  "top": "1",
                  "right": "1",
                  "bottom": "1",
                  "left": "1",
                  "isLinked": true
                },
                "mf_input_border_color": "#EAECF1",
                "mf_input_typgraphy_typography": "custom",
                "mf_input_typgraphy_font_family": "IBM Plex Sans",
                "mf_input_typgraphy_font_size": {
                  "unit": "px",
                  "size": 14,
                  "sizes": []
                },
                "mf_input_typgraphy_font_weight": "400",
                "mf_input_typgraphy_line_height": {
                  "unit": "px",
                  "size": 18,
                  "sizes": []
                },
                "mf_input_border_radius": {
                  "unit": "px",
                  "size": 6,
                  "sizes": []
                },
                "mf_input_place_holder_typography_typography": "custom",
                "mf_input_place_holder_typography_font_family": "IBM Plex Sans",
                "mf_input_place_holder_typography_font_weight": "400",
                "mf_input_placeholder_color": "#878991",
                "mf_input_help_text_typography_typography": "custom",
                "mf_input_help_text_typography_font_family": "IBM Plex Sans",
                "mf_input_help_text_typography_font_size": {
                  "unit": "px",
                  "size": 13,
                  "sizes": []
                },
                "mf_input_help_text_typography_font_weight": "400",
                "mf_input_help_text_typography_line_height": {
                  "unit": "px",
                  "size": 17,
                  "sizes": []
                },
                "mf_input_validation_warning_message": "This field is required.",
                "mf_input_help_text_color": "#96989F",
                "mf_conditional_logic_form_list": [],
                "mf_input_label_typography_line_height_tablet": {
                  "unit": "px",
                  "size": "",
                  "sizes": []
                },
                "mf_input_label_typography_line_height_mobile": {
                  "unit": "px",
                  "size": "",
                  "sizes": []
                },
                "mf_input_background_background": "classic",
                "mf_input_background_color": "#F6F7FA",
                "mf_input_background_hover_color": "#FFFFFF",
                "mf_input_background_focus_background": "classic",
                "mf_input_background_focus_color": "#FFFFFF",
                "mf_input_border_focus_border": "solid",
                "mf_input_border_focus_color": "#D6D8E0",
                "mf_input_typgraphy_line_height_tablet": {
                  "unit": "px",
                  "size": "",
                  "sizes": []
                },
                "mf_input_typgraphy_line_height_mobile": {
                  "unit": "px",
                  "size": "",
                  "sizes": []
                },
                "mf_input_typgraphy_word_spacing_tablet": {
                  "unit": "px",
                  "size": "",
                  "sizes": []
                },
                "mf_input_typgraphy_word_spacing_mobile": {
                  "unit": "px",
                  "size": "",
                  "sizes": []
                },
                "mf_input_place_holder_typography_font_size": {
                  "unit": "px",
                  "size": 14,
                  "sizes": []
                },
                "mf_input_place_holder_typography_line_height": {
                  "unit": "px",
                  "size": 18,
                  "sizes": []
                },
                "mf_input_place_holder_typography_line_height_tablet": {
                  "unit": "px",
                  "size": "",
                  "sizes": []
                },
                "mf_input_place_holder_typography_line_height_mobile": {
                  "unit": "px",
                  "size": "",
                  "sizes": []
                },
                "mf_input_help_text_typography_line_height_tablet": {
                  "unit": "px",
                  "size": "",
                  "sizes": []
                },
                "mf_input_help_text_typography_line_height_mobile": {
                  "unit": "px",
                  "size": "",
                  "sizes": []
                },
                "ekit_all_conditions_list": [
                  {
                    "_id": "30812ac"
                  }
                ],
                "ekit_adv_tooltip_content": "Tooltip Content."
              },
              "elements": [],
              "isInner": false,
              "widgetType": "mf-telephone",
              "elType": "widget"
            },
            {
              "id": "417befe9",
              "settings": {
                "mf_input_label": "Alternative Contact Number",
                "mf_input_name": "mf-alt-num",
                "mf_input_placeholder": "",
                "mf_input_help_text": "Example: +1 212-695-1962",
                "mf_input_required": "",
                "mf_input_label_color": "#0D1427",
                "mf_input_label_typography_typography": "custom",
                "mf_input_label_typography_font_family": "IBM Plex Sans",
                "mf_input_label_typography_font_size": {
                  "unit": "px",
                  "size": 16,
                  "sizes": []
                },
                "mf_input_label_typography_font_weight": "500",
                "mf_input_label_typography_line_height": {
                  "unit": "px",
                  "size": 21,
                  "sizes": []
                },
                "mf_input_label_margin": {
                  "unit": "px",
                  "top": "0",
                  "right": "0",
                  "bottom": "7",
                  "left": "0",
                  "isLinked": false
                },
                "mf_input_padding": {
                  "unit": "px",
                  "top": "15",
                  "right": "24",
                  "bottom": "17",
                  "left": "24",
                  "isLinked": false
                },
                "mf_input_color": "#0D1427",
                "mf_input_border_border": "solid",
                "mf_input_border_width": {
                  "unit": "px",
                  "top": "1",
                  "right": "1",
                  "bottom": "1",
                  "left": "1",
                  "isLinked": true
                },
                "mf_input_border_color": "#EAECF1",
                "mf_input_typgraphy_typography": "custom",
                "mf_input_typgraphy_font_family": "IBM Plex Sans",
                "mf_input_typgraphy_font_size": {
                  "unit": "px",
                  "size": 14,
                  "sizes": []
                },
                "mf_input_typgraphy_font_weight": "400",
                "mf_input_typgraphy_line_height": {
                  "unit": "px",
                  "size": 18,
                  "sizes": []
                },
                "mf_input_border_radius": {
                  "unit": "px",
                  "size": 6,
                  "sizes": []
                },
                "mf_input_place_holder_typography_typography": "custom",
                "mf_input_place_holder_typography_font_family": "IBM Plex Sans",
                "mf_input_place_holder_typography_font_weight": "400",
                "mf_input_placeholder_color": "#878991",
                "mf_input_help_text_typography_typography": "custom",
                "mf_input_help_text_typography_font_family": "IBM Plex Sans",
                "mf_input_help_text_typography_font_size": {
                  "unit": "px",
                  "size": 13,
                  "sizes": []
                },
                "mf_input_help_text_typography_font_weight": "400",
                "mf_input_help_text_typography_line_height": {
                  "unit": "px",
                  "size": 17,
                  "sizes": []
                },
                "mf_input_validation_warning_message": "This field is required.",
                "mf_input_help_text_color": "#96989F",
                "mf_conditional_logic_form_list": [],
                "mf_input_label_typography_line_height_tablet": {
                  "unit": "px",
                  "size": "",
                  "sizes": []
                },
                "mf_input_label_typography_line_height_mobile": {
                  "unit": "px",
                  "size": "",
                  "sizes": []
                },
                "mf_input_background_background": "classic",
                "mf_input_background_color": "#F6F7FA",
                "mf_input_background_hover_color": "#FFFFFF",
                "mf_input_background_focus_background": "classic",
                "mf_input_background_focus_color": "#FFFFFF",
                "mf_input_border_focus_border": "solid",
                "mf_input_border_focus_color": "#D6D8E0",
                "mf_input_typgraphy_line_height_tablet": {
                  "unit": "px",
                  "size": "",
                  "sizes": []
                },
                "mf_input_typgraphy_line_height_mobile": {
                  "unit": "px",
                  "size": "",
                  "sizes": []
                },
                "mf_input_typgraphy_word_spacing_tablet": {
                  "unit": "px",
                  "size": "",
                  "sizes": []
                },
                "mf_input_typgraphy_word_spacing_mobile": {
                  "unit": "px",
                  "size": "",
                  "sizes": []
                },
                "mf_input_place_holder_typography_font_size": {
                  "unit": "px",
                  "size": 14,
                  "sizes": []
                },
                "mf_input_place_holder_typography_line_height": {
                  "unit": "px",
                  "size": 18,
                  "sizes": []
                },
                "mf_input_place_holder_typography_line_height_tablet": {
                  "unit": "px",
                  "size": "",
                  "sizes": []
                },
                "mf_input_place_holder_typography_line_height_mobile": {
                  "unit": "px",
                  "size": "",
                  "sizes": []
                },
                "mf_input_help_text_typography_line_height_tablet": {
                  "unit": "px",
                  "size": "",
                  "sizes": []
                },
                "mf_input_help_text_typography_line_height_mobile": {
                  "unit": "px",
                  "size": "",
                  "sizes": []
                },
                "ekit_all_conditions_list": [
                  {
                    "_id": "30812ac"
                  }
                ],
                "ekit_adv_tooltip_content": "Tooltip Content."
              },
              "elements": [],
              "isInner": false,
              "widgetType": "mf-telephone",
              "elType": "widget"
            },
            {
              "id": "4b544b7",
              "settings": {
                "mf_input_label": "Job Title",
                "mf_input_name": "mf-job-title",
                "mf_input_help_text": "Select your job title from dropdown",
                "mf_input_list": [
                  {
                    "mf_input_option_text": "Product Designer",
                    "mf_input_option_value": "value-1",
                    "_id": "a2fad29"
                  },
                  {
                    "mf_input_option_text": "Software Engineer",
                    "mf_input_option_value": "value-2",
                    "_id": "644c4ff"
                  },
                  {
                    "mf_input_option_text": "QA Engineer",
                    "mf_input_option_value": "value-3",
                    "_id": "8c9320c"
                  }
                ],
                "mf_input_required": "yes",
                "mf_input_label_color": "#0D1427",
                "mf_input_label_typography_typography": "custom",
                "mf_input_label_typography_font_family": "IBM Plex Sans",
                "mf_input_label_typography_font_size": {
                  "unit": "px",
                  "size": 16,
                  "sizes": []
                },
                "mf_input_label_typography_font_weight": "500",
                "mf_input_label_typography_line_height": {
                  "unit": "px",
                  "size": 21,
                  "sizes": []
                },
                "mf_input_label_margin": {
                  "unit": "px",
                  "top": "0",
                  "right": "0",
                  "bottom": "7",
                  "left": "0",
                  "isLinked": false
                },
                "mf_input_required_indicator_color": "#FF0000",
                "mf_input_padding": {
                  "unit": "px",
                  "top": "15",
                  "right": "24",
                  "bottom": "17",
                  "left": "24",
                  "isLinked": false
                },
                "mf_input_color": "#0D1427",
                "mf_input_border_border": "solid",
                "mf_input_border_width": {
                  "unit": "px",
                  "top": "1",
                  "right": "1",
                  "bottom": "1",
                  "left": "1",
                  "isLinked": true
                },
                "mf_input_border_color": "#EAECF1",
                "mf_input_typgraphy_typography": "custom",
                "mf_input_typgraphy_font_family": "IBM Plex Sans",
                "mf_input_typgraphy_font_size": {
                  "unit": "px",
                  "size": 14,
                  "sizes": []
                },
                "mf_input_typgraphy_font_weight": "400",
                "mf_input_typgraphy_line_height": {
                  "unit": "px",
                  "size": 18,
                  "sizes": []
                },
                "mf_input_border_radius": {
                  "unit": "px",
                  "size": 6,
                  "sizes": []
                },
                "mf_input_box_shadow_box_shadow": {
                  "horizontal": 0,
                  "vertical": 3,
                  "blur": 5,
                  "spread": 0,
                  "color": "rgba(0,0,0,0.05)"
                },
                "mf_input_help_text_typography_typography": "custom",
                "mf_input_help_text_typography_font_family": "IBM Plex Sans",
                "mf_input_help_text_typography_font_size": {
                  "unit": "px",
                  "size": 13,
                  "sizes": []
                },
                "mf_input_help_text_typography_font_weight": "400",
                "mf_input_help_text_typography_line_height": {
                  "unit": "px",
                  "size": 17,
                  "sizes": []
                },
                "mf_input_placeholder": "Select",
                "mf_input_validation_warning_message": "This field is required.",
                "mf_input_place_holder_typography_typography": "custom",
                "mf_input_place_holder_typography_font_family": "IBM Plex Sans",
                "mf_input_place_holder_typography_font_weight": "400",
                "mf_input_placeholder_color": "#878991",
                "mf_input_help_text_color": "#96989F",
                "mf_conditional_logic_form_list": [],
                "mf_input_background_background": "classic",
                "mf_input_background_color": "#F6F7FA",
                "mf_input_color_hover": "#0D1427",
                "mf_input_background_hover_color": "#FFFFFF",
                "mf_input_color_focus": "#0D1427",
                "mf_input_background_focus_background": "classic",
                "mf_input_background_focus_color": "#FFFFFF",
                "mf_input_border_focus_border": "solid",
                "mf_input_border_focus_color": "#D6D8E0",
                "mf_select_options_border_radius": {
                  "unit": "px",
                  "size": 1,
                  "sizes": []
                },
                "mf_select_options_border_border": "solid",
                "mf_select_options_border_width": {
                  "unit": "px",
                  "top": "0",
                  "right": "0",
                  "bottom": "0",
                  "left": "0",
                  "isLinked": true
                },
                "mf_select_options_box_shadow_box_shadow_type": "yes",
                "mf_select_options_box_shadow_box_shadow": {
                  "horizontal": 0,
                  "vertical": 4,
                  "blur": 8,
                  "spread": 0,
                  "color": "rgba(0, 0, 0, 0.2)"
                },
                "mf_select_option_colornormal": "#0D1427",
                "mf_select_option_backgroundnormal_background": "classic",
                "mf_select_option_backgroundnormal_color": "#FFFFFF",
                "mf_select_option_backgroundhover_background": "classic",
                "mf_select_option_backgroundhover_color": "#F6F7FA",
                "mf_select_option_coloractive": "#FFFFFF",
                "mf_select_option_backgroundactive_background": "classic",
                "mf_select_option_backgroundactive_color": "#3970FF",
                "mf_input_place_holder_typography_font_size": {
                  "unit": "px",
                  "size": 14,
                  "sizes": []
                },
                "mf_input_place_holder_typography_line_height": {
                  "unit": "px",
                  "size": 18,
                  "sizes": []
                },
                "mf_input_place_holder_typography_line_height_tablet": {
                  "unit": "px",
                  "size": "",
                  "sizes": []
                },
                "mf_input_place_holder_typography_line_height_mobile": {
                  "unit": "px",
                  "size": "",
                  "sizes": []
                },
                "ekit_all_conditions_list": [
                  {
                    "_id": "d88d373"
                  }
                ],
                "ekit_adv_tooltip_content": "Tooltip Content."
              },
              "elements": [],
              "isInner": false,
              "widgetType": "mf-select",
              "elType": "widget"
            },
            {
              "id": "1b344fac",
              "settings": {
                "mf_input_label": "Email Address",
                "mf_input_name": "mf-email",
                "mf_input_placeholder": "",
                "mf_input_help_text": "Example: user@website.com",
                "mf_input_required": "yes",
                "mf_input_label_color": "#0D1427",
                "mf_input_label_typography_typography": "custom",
                "mf_input_label_typography_font_family": "IBM Plex Sans",
                "mf_input_label_typography_font_size": {
                  "unit": "px",
                  "size": 16,
                  "sizes": []
                },
                "mf_input_label_typography_font_weight": "500",
                "mf_input_label_typography_line_height": {
                  "unit": "px",
                  "size": 21,
                  "sizes": []
                },
                "mf_input_label_margin": {
                  "unit": "px",
                  "top": "0",
                  "right": "0",
                  "bottom": "7",
                  "left": "0",
                  "isLinked": false
                },
                "mf_input_padding": {
                  "unit": "px",
                  "top": "15",
                  "right": "24",
                  "bottom": "17",
                  "left": "24",
                  "isLinked": false
                },
                "mf_input_color": "#0D1427",
                "mf_input_border_border": "solid",
                "mf_input_border_width": {
                  "unit": "px",
                  "top": "1",
                  "right": "1",
                  "bottom": "1",
                  "left": "1",
                  "isLinked": true
                },
                "mf_input_border_color": "#EAECF1",
                "mf_input_typgraphy_typography": "custom",
                "mf_input_typgraphy_font_family": "IBM Plex Sans",
                "mf_input_typgraphy_font_size": {
                  "unit": "px",
                  "size": 14,
                  "sizes": []
                },
                "mf_input_typgraphy_font_weight": "400",
                "mf_input_typgraphy_line_height": {
                  "unit": "px",
                  "size": 18,
                  "sizes": []
                },
                "mf_input_border_radius": {
                  "unit": "px",
                  "size": 6,
                  "sizes": []
                },
                "mf_input_place_holder_typography_typography": "custom",
                "mf_input_place_holder_typography_font_family": "IBM Plex Sans",
                "mf_input_place_holder_typography_font_weight": "400",
                "mf_input_placeholder_color": "#878991",
                "mf_input_help_text_typography_typography": "custom",
                "mf_input_help_text_typography_font_family": "IBM Plex Sans",
                "mf_input_help_text_typography_font_size": {
                  "unit": "px",
                  "size": 13,
                  "sizes": []
                },
                "mf_input_help_text_typography_font_weight": "400",
                "mf_input_help_text_typography_line_height": {
                  "unit": "px",
                  "size": 17,
                  "sizes": []
                },
                "mf_input_validation_warning_message": "This field is required.",
                "mf_input_help_text_color": "#96989F",
                "mf_conditional_logic_form_list": [],
                "mf_input_label_typography_line_height_tablet": {
                  "unit": "px",
                  "size": "",
                  "sizes": []
                },
                "mf_input_label_typography_line_height_mobile": {
                  "unit": "px",
                  "size": "",
                  "sizes": []
                },
                "mf_input_background_background": "classic",
                "mf_input_background_color": "#F6F7FA",
                "mf_input_background_hover_color": "#FFFFFF",
                "mf_input_background_focus_background": "classic",
                "mf_input_background_focus_color": "#FFFFFF",
                "mf_input_border_focus_border": "solid",
                "mf_input_border_focus_color": "#D6D8E0",
                "mf_input_typgraphy_line_height_tablet": {
                  "unit": "px",
                  "size": "",
                  "sizes": []
                },
                "mf_input_typgraphy_line_height_mobile": {
                  "unit": "px",
                  "size": "",
                  "sizes": []
                },
                "mf_input_typgraphy_word_spacing_tablet": {
                  "unit": "px",
                  "size": "",
                  "sizes": []
                },
                "mf_input_typgraphy_word_spacing_mobile": {
                  "unit": "px",
                  "size": "",
                  "sizes": []
                },
                "mf_input_place_holder_typography_font_size": {
                  "unit": "px",
                  "size": 14,
                  "sizes": []
                },
                "mf_input_place_holder_typography_line_height": {
                  "unit": "px",
                  "size": 18,
                  "sizes": []
                },
                "mf_input_place_holder_typography_line_height_tablet": {
                  "unit": "px",
                  "size": "",
                  "sizes": []
                },
                "mf_input_place_holder_typography_line_height_mobile": {
                  "unit": "px",
                  "size": "",
                  "sizes": []
                },
                "mf_input_help_text_typography_line_height_tablet": {
                  "unit": "px",
                  "size": "",
                  "sizes": []
                },
                "mf_input_help_text_typography_line_height_mobile": {
                  "unit": "px",
                  "size": "",
                  "sizes": []
                },
                "ekit_all_conditions_list": [
                  {
                    "_id": "30812ac"
                  }
                ],
                "ekit_adv_tooltip_content": "Tooltip Content."
              },
              "elements": [],
              "isInner": false,
              "widgetType": "mf-email",
              "elType": "widget"
            }
          ],
          "isInner": true,
          "elType": "container"
        },
        {
          "id": "1d400a8c",
          "settings": {
            "mf_input_label": "Upload your Resume",
            "mf_input_name": "mf-resume",
            "mf_input_help_text": "Please upload your CV in .pdf format.",
            "mf_input_label_color": "#0D1427",
            "mf_input_label_typography_typography": "custom",
            "mf_input_label_typography_font_family": "IBM Plex Sans",
            "mf_input_label_typography_font_size": {
              "unit": "px",
              "size": 16,
              "sizes": []
            },
            "mf_input_label_typography_font_weight": "500",
            "mf_input_label_typography_line_height": {
              "unit": "px",
              "size": 21,
              "sizes": []
            },
            "mf_input_label_margin": {
              "unit": "px",
              "top": "0",
              "right": "0",
              "bottom": "20",
              "left": "0",
              "isLinked": false
            },
            "mf_input_required_indicator_color": "#101010",
            "mf_input_padding": {
              "unit": "px",
              "top": "8",
              "right": "12",
              "bottom": "8",
              "left": "12",
              "isLinked": false
            },
            "mf_input_color": "#54565C",
            "mf_input_border_border": "solid",
            "mf_input_border_width": {
              "unit": "px",
              "top": "0",
              "right": "0",
              "bottom": "0",
              "left": "0",
              "isLinked": true
            },
            "mf_input_typgraphy_typography": "custom",
            "mf_input_typgraphy_font_family": "Roboto",
            "mf_input_typgraphy_font_size": {
              "unit": "px",
              "size": 12,
              "sizes": []
            },
            "mf_input_typgraphy_font_weight": "500",
            "mf_input_typgraphy_line_height": {
              "unit": "px",
              "size": 11,
              "sizes": []
            },
            "mf_input_box_shadow_box_shadow": {
              "horizontal": 0,
              "vertical": 3,
              "blur": 5,
              "spread": 0,
              "color": "rgba(0,0,0,0.05)"
            },
            "mf_input_help_text_typography_typography": "custom",
            "mf_input_help_text_typography_font_family": "IBM Plex Sans",
            "mf_input_help_text_typography_font_size": {
              "unit": "px",
              "size": 13,
              "sizes": []
            },
            "mf_input_help_text_typography_font_weight": "400",
            "mf_input_help_text_typography_line_height": {
              "unit": "px",
              "size": 17,
              "sizes": []
            },
            "mf_input_validation_warning_message": "This field is required.",
            "mf_input_choose_file": "Choose a file",
            "mf_input_no_file": "No file chosen.",
            "mf_conditional_logic_form_list": [],
            "_margin": {
              "unit": "px",
              "top": "20",
              "right": "0",
              "bottom": "31",
              "left": "0",
              "isLinked": false
            },
            "ekit_all_conditions_list": [
              {
                "_id": "70e7068"
              }
            ],
            "ekit_adv_tooltip_content": "Tooltip Content.",
            "mf_input_margin": {
              "unit": "px",
              "top": "0",
              "right": "16",
              "bottom": "4",
              "left": "0",
              "isLinked": false
            },
            "mf_input_background_background": "classic",
            "mf_input_background_color": "#E7EAF2",
            "mf_input_background_hover_background": "classic",
            "mf_input_background_hover_color": "#D8DDEA",
            "mf_input_background_focus_background": "classic",
            "mf_input_background_focus_color": "#D8DDEA",
            "mf_input_border_radius": {
              "unit": "px",
              "size": 4,
              "sizes": []
            },
            "mf_file_upload_file_name_color": "#54565C",
            "mf_file_upload_file_name_hover_color": "#3970FF",
            "mf_file_upload_file_name_typography_typography": "custom",
            "mf_file_upload_file_name_typography_font_family": "Inter",
            "mf_file_upload_file_name_typography_font_size": {
              "unit": "px",
              "size": 14,
              "sizes": []
            },
            "mf_file_upload_file_name_typography_font_weight": "400",
            "mf_file_upload_file_name_typography_line_height": {
              "unit": "px",
              "size": 12,
              "sizes": []
            },
            "mf_input_help_text_color": "#96989F",
            "__globals__": {
              "mf_input_typgraphy_typography": "",
              "mf_input_color": "globals/colors?id=text",
              "mf_input_background_color": "globals/colors?id=d5b1204",
              "mf_input_background_hover_color": "",
              "mf_input_background_focus_color": "",
              "mf_file_upload_file_name_color": "globals/colors?id=text",
              "mf_file_upload_file_name_hover_color": "globals/colors?id=secondary",
              "mf_input_color_focus": "globals/colors?id=text",
              "mf_input_color_hover": "globals/colors?id=text"
            }
          },
          "elements": [],
          "isInner": false,
          "widgetType": "mf-file-upload",
          "elType": "widget"
        },
        {
          "id": "2ec0a0ba",
          "settings": {
            "mf_input_label": "Message / Cover Letter",
            "mf_input_name": "mf-comment",
            "mf_input_placeholder": "",
            "mf_input_required": "yes",
            "mf_input_label_color": "#0D1427",
            "mf_input_label_typography_typography": "custom",
            "mf_input_label_typography_font_family": "IBM Plex Sans",
            "mf_input_label_typography_font_size": {
              "unit": "px",
              "size": 16,
              "sizes": []
            },
            "mf_input_label_typography_font_weight": "500",
            "mf_input_label_typography_line_height": {
              "unit": "px",
              "size": 21,
              "sizes": []
            },
            "mf_input_label_margin": {
              "unit": "px",
              "top": "0",
              "right": "0",
              "bottom": "7",
              "left": "0",
              "isLinked": false
            },
            "mf_input_padding": {
              "unit": "px",
              "top": "15",
              "right": "24",
              "bottom": "15",
              "left": "24",
              "isLinked": false
            },
            "mf_input_color": "#0D1427",
            "mf_input_border_border": "solid",
            "mf_input_border_width": {
              "unit": "px",
              "top": "1",
              "right": "1",
              "bottom": "1",
              "left": "1",
              "isLinked": true
            },
            "mf_input_border_color": "#EAECF1",
            "mf_input_typgraphy_typography": "custom",
            "mf_input_typgraphy_font_family": "IBM Plex Sans",
            "mf_input_typgraphy_font_size": {
              "unit": "px",
              "size": 14,
              "sizes": []
            },
            "mf_input_typgraphy_font_weight": "400",
            "mf_input_typgraphy_line_height": {
              "unit": "px",
              "size": 18,
              "sizes": []
            },
            "mf_input_border_radius": {
              "unit": "px",
              "size": 6,
              "sizes": []
            },
            "mf_input_place_holder_typography_typography": "custom",
            "mf_input_place_holder_typography_font_family": "IBM Plex Sans",
            "mf_input_place_holder_typography_font_weight": "500",
            "mf_input_placeholder_color": "#878991",
            "mf_input_help_text_typography_typography": "custom",
            "mf_input_help_text_typography_font_family": "IBM Plex Sans",
            "mf_input_help_text_typography_font_size": {
              "unit": "px",
              "size": 13,
              "sizes": []
            },
            "mf_input_help_text_typography_font_weight": "400",
            "mf_input_help_text_typography_line_height": {
              "unit": "px",
              "size": 17,
              "sizes": []
            },
            "mf_textarea_field_height": {
              "unit": "px",
              "size": 120,
              "sizes": []
            },
            "mf_input_validation_warning_message": "This field is required.",
            "mf_input_help_text_color": "#96989F",
            "mf_conditional_logic_form_list": [],
            "mf_input_label_typography_line_height_tablet": {
              "unit": "px",
              "size": "",
              "sizes": []
            },
            "mf_input_label_typography_line_height_mobile": {
              "unit": "px",
              "size": "",
              "sizes": []
            },
            "mf_input_background_background": "classic",
            "mf_input_background_color": "#F6F7FA",
            "mf_input_background_hover_color": "#FFFFFF",
            "mf_input_background_focus_background": "classic",
            "mf_input_background_focus_color": "#FFFFFF",
            "mf_input_border_focus_border": "solid",
            "mf_input_border_focus_color": "#D6D8E0",
            "mf_input_typgraphy_line_height_tablet": {
              "unit": "px",
              "size": "",
              "sizes": []
            },
            "mf_input_typgraphy_line_height_mobile": {
              "unit": "px",
              "size": "",
              "sizes": []
            },
            "mf_input_place_holder_typography_font_size": {
              "unit": "px",
              "size": 14,
              "sizes": []
            },
            "mf_input_place_holder_typography_line_height": {
              "unit": "px",
              "size": 18,
              "sizes": []
            },
            "mf_input_place_holder_typography_line_height_tablet": {
              "unit": "px",
              "size": "",
              "sizes": []
            },
            "mf_input_place_holder_typography_line_height_mobile": {
              "unit": "px",
              "size": "",
              "sizes": []
            },
            "mf_input_help_text_typography_line_height_tablet": {
              "unit": "px",
              "size": "",
              "sizes": []
            },
            "mf_input_help_text_typography_line_height_mobile": {
              "unit": "px",
              "size": "",
              "sizes": []
            },
            "_margin": {
              "unit": "px",
              "top": "0",
              "right": "0",
              "bottom": "26",
              "left": "0",
              "isLinked": false
            },
            "ekit_all_conditions_list": [
              {
                "_id": "6609fcf"
              }
            ],
            "ekit_adv_tooltip_content": "Tooltip Content."
          },
          "elements": [],
          "isInner": false,
          "widgetType": "mf-textarea",
          "elType": "widget"
        },
        {
          "id": "18162316",
          "settings": {
            "mf_input_label": "Signature",
            "mf_input_name": "mf-signature",
            "mf_input_help_text": "Please draw your digital signature.",
            "mf_input_validation_warning_message": "This field is required.",
            "mf_input_label_color": "#0D1427",
            "mf_input_label_typography_typography": "custom",
            "mf_input_label_typography_font_family": "IBM Plex Sans",
            "mf_input_label_typography_font_size": {
              "unit": "px",
              "size": 16,
              "sizes": []
            },
            "mf_input_label_typography_font_weight": "500",
            "mf_input_label_typography_line_height": {
              "unit": "px",
              "size": 21,
              "sizes": []
            },
            "mf_input_label_margin": {
              "unit": "px",
              "top": "0",
              "right": "0",
              "bottom": "7",
              "left": "0",
              "isLinked": false
            },
            "mf_input_padding": {
              "unit": "px",
              "top": "15",
              "right": "24",
              "bottom": "15",
              "left": "24",
              "isLinked": false
            },
            "mf_input_color": "#0D1427",
            "mf_input_background_background": "classic",
            "mf_input_background_color": "#F6F7FA",
            "mf_input_border_border": "solid",
            "mf_input_border_width": {
              "unit": "px",
              "top": "1",
              "right": "1",
              "bottom": "1",
              "left": "1",
              "isLinked": true
            },
            "mf_input_border_color": "#EAECF1",
            "mf_input_help_text_typography_typography": "custom",
            "mf_input_help_text_typography_font_family": "IBM Plex Sans",
            "mf_input_help_text_typography_font_size": {
              "unit": "px",
              "size": 13,
              "sizes": []
            },
            "mf_input_help_text_typography_font_weight": "400",
            "mf_input_help_text_typography_line_height": {
              "unit": "px",
              "size": 17,
              "sizes": []
            },
            "mf_input_help_text_color": "#96989F",
            "mf_conditional_logic_form_list": [],
            "mf_input_label_typography_line_height_tablet": {
              "unit": "px",
              "size": "",
              "sizes": []
            },
            "mf_input_label_typography_line_height_mobile": {
              "unit": "px",
              "size": "",
              "sizes": []
            },
            "mf_input_background_hover_background": "classic",
            "mf_input_background_hover_color": "#FFFFFF",
            "mf_input_border_hover_border": "solid",
            "mf_input_border_hover_color": "#D6D8E0",
            "mf_input_help_text_typography_line_height_tablet": {
              "unit": "px",
              "size": "",
              "sizes": []
            },
            "mf_input_help_text_typography_line_height_mobile": {
              "unit": "px",
              "size": "",
              "sizes": []
            },
            "_margin": {
              "unit": "px",
              "top": "0",
              "right": "0",
              "bottom": "26",
              "left": "0",
              "isLinked": false
            },
            "ekit_all_conditions_list": [
              {
                "_id": "6609fcf"
              }
            ],
            "ekit_adv_tooltip_content": "Tooltip Content.",
            "signature_canvas_radius": {
              "unit": "px",
              "top": "6",
              "right": "6",
              "bottom": "6",
              "left": "6",
              "isLinked": true
            }
          },
          "elements": [],
          "isInner": false,
          "widgetType": "mf-signature",
          "elType": "widget"
        },
        {
          "id": "38b89525",
          "settings": {
            "mf_btn_text": "Apply Now",
            "mf_btn_align": "",
            "mf_btn_text_padding": {
              "unit": "px",
              "top": "17",
              "right": "28",
              "bottom": "16",
              "left": "28",
              "isLinked": false
            },
            "mf_btn_typography_typography": "custom",
            "mf_btn_typography_font_family": "Roboto",
            "mf_btn_typography_font_size": {
              "unit": "px",
              "size": 14,
              "sizes": []
            },
            "mf_btn_typography_font_weight": "500",
            "mf_btn_typography_line_height": {
              "unit": "px",
              "size": 11,
              "sizes": []
            },
            "mf_btn_bg_color_background": "classic",
            "mf_btn_bg_color_color": "#3970FF",
            "mf_btn_box_shadow_group_box_shadow_type": "yes",
            "mf_btn_box_shadow_group_box_shadow": {
              "horizontal": 0,
              "vertical": 0,
              "blur": 0,
              "spread": 0,
              "color": "rgba(0,0,0,0.5)"
            },
            "mf_conditional_logic_form_list": [],
            "mf_hidden_input": [],
            "mf_btn_typography_line_height_tablet": {
              "unit": "px",
              "size": "",
              "sizes": []
            },
            "mf_btn_typography_line_height_mobile": {
              "unit": "px",
              "size": "",
              "sizes": []
            },
            "mf_btn_text_color": "#FFFFFF",
            "mf_btn_hover_color": "",
            "mf_btn_bg_hover_color_background": "classic",
            "mf_btn_border_radius": {
              "unit": "px",
              "top": "8",
              "right": "8",
              "bottom": "8",
              "left": "8",
              "isLinked": true
            },
            "_element_width": "auto",
            "ekit_all_conditions_list": [
              {
                "_id": "eed14b8"
              }
            ],
            "ekit_adv_tooltip_content": "Tooltip Content.",
            "_border_radius": {
              "unit": "px",
              "top": "8",
              "right": "8",
              "bottom": "8",
              "left": "8",
              "isLinked": true
            },
            "_box_shadow_hover_box_shadow_type": "yes",
            "_box_shadow_hover_box_shadow": {
              "horizontal": 0,
              "vertical": 2,
              "blur": 4,
              "spread": 0,
              "color": "rgba(2.9999999999999996, 28.00000000000002, 90, 0.4)"
            },
            "_margin": {
              "unit": "px",
              "top": "0",
              "right": "0",
              "bottom": "11",
              "left": "0",
              "isLinked": false
            }
          },
          "elements": [],
          "isInner": false,
          "widgetType": "mf-button",
          "elType": "widget"
        }
      ],
      "isInner": false,
      "elType": "container"
    }
  ],
  "page_settings": [],
  "version": "0.4",
  "title": "job application form",
  "type": "page"
}