{
  "content": [
    {
      "id": "33157995",
      "settings": {
        "box_shadow_box_shadow": {
          "horizontal": 0,
          "vertical": 30,
          "blur": 50,
          "spread": 0,
          "color": "rgba(3.0000000000000053, 12.000000000000005, 35, 0.08)"
        },
        "background_color": "#FF0000",
        "padding": {
          "unit": "px",
          "top": "43",
          "right": "50",
          "bottom": "50",
          "left": "50",
          "isLinked": false
        },
        "padding_tablet": {
          "unit": "px",
          "top": "35",
          "right": "20",
          "bottom": "35",
          "left": "20",
          "isLinked": false
        },
        "ekit_section_parallax_multi_items": [],
        "content_width": "full",
        "ekit_all_conditions_list": [
          {
            "_id": "2bde398"
          }
        ],
        "flex_direction": "column",
        "flex_align_items": "stretch",
        "flex_gap": {
          "size": 0,
          "column": "0",
          "row": "0",
          "unit": "px"
        }
      },
      "elements": [
        {
          "id": "1ef5c77a",
          "settings": {
            "title": "Conditional Form 05",
            "title_color": "#0D1427",
            "typography_typography": "custom",
            "typography_font_family": "IBM Plex Sans",
            "typography_font_size": {
              "unit": "px",
              "size": 26,
              "sizes": []
            },
            "typography_font_weight": "700",
            "typography_line_height": {
              "unit": "px",
              "size": 34,
              "sizes": []
            },
            "typography_line_height_tablet": {
              "unit": "px",
              "size": "",
              "sizes": []
            },
            "typography_line_height_mobile": {
              "unit": "px",
              "size": "",
              "sizes": []
            },
            "ekit_all_conditions_list": [
              {
                "_id": "63c841d"
              }
            ],
            "ekit_adv_tooltip_content": "Tooltip Content.",
            "_margin": {
              "unit": "px",
              "top": "0",
              "right": "0",
              "bottom": "21",
              "left": "0",
              "isLinked": false
            }
          },
          "elements": [],
          "isInner": false,
          "widgetType": "heading",
          "elType": "widget"
        },
        {
          "id": "747d0f23",
          "settings": {
            "editor": "If you have an account on this site or have left comments you can request to erase any personal data we hold about you. This does not include any data we are obliged to keep for administrative, legal or security purpose.",
            "typography_typography": "custom",
            "typography_font_family": "IBM Plex Sans",
            "typography_font_size": {
              "unit": "px",
              "size": 20,
              "sizes": []
            },
            "typography_font_weight": "400",
            "typography_line_height": {
              "unit": "px",
              "size": 26,
              "sizes": []
            },
            "_margin": {
              "unit": "px",
              "top": "0",
              "right": "0",
              "bottom": "18",
              "left": "0",
              "isLinked": false
            },
            "ekit_all_conditions_list": [
              {
                "_id": "dc73769"
              }
            ],
            "ekit_adv_tooltip_content": "Tooltip Content."
          },
          "elements": [],
          "isInner": false,
          "widgetType": "text-editor",
          "elType": "widget"
        },
        {
          "id": "799fd641",
          "settings": {
            "editor": "Please use this form to request Personal Data Erasure.",
            "text_color": "#54565C",
            "typography_typography": "custom",
            "typography_font_family": "IBM Plex Sans",
            "typography_font_size": {
              "unit": "px",
              "size": 18,
              "sizes": []
            },
            "typography_font_weight": "400",
            "typography_line_height": {
              "unit": "px",
              "size": 26,
              "sizes": []
            },
            "_margin": {
              "unit": "px",
              "top": "0",
              "right": "0",
              "bottom": "25",
              "left": "0",
              "isLinked": false
            },
            "ekit_all_conditions_list": [
              {
                "_id": "dc73769"
              }
            ],
            "ekit_adv_tooltip_content": "Tooltip Content."
          },
          "elements": [],
          "isInner": false,
          "widgetType": "text-editor",
          "elType": "widget"
        },
        {
          "id": "3f54d6c9",
          "settings": {
            "mf_input_label": "Your email address",
            "mf_input_name": "mf-email",
            "mf_input_placeholder": "",
            "mf_input_help_text": "Example: user@website.com",
            "mf_input_required": "yes",
            "mf_input_label_color": "#0D1427",
            "mf_input_label_typography_typography": "custom",
            "mf_input_label_typography_font_family": "IBM Plex Sans",
            "mf_input_label_typography_font_size": {
              "unit": "px",
              "size": 16,
              "sizes": []
            },
            "mf_input_label_typography_font_weight": "500",
            "mf_input_label_typography_line_height": {
              "unit": "px",
              "size": 21,
              "sizes": []
            },
            "mf_input_label_margin": {
              "unit": "px",
              "top": "0",
              "right": "0",
              "bottom": "7",
              "left": "0",
              "isLinked": false
            },
            "mf_input_padding": {
              "unit": "px",
              "top": "15",
              "right": "24",
              "bottom": "17",
              "left": "24",
              "isLinked": false
            },
            "mf_input_color": "#0D1427",
            "mf_input_border_border": "solid",
            "mf_input_border_width": {
              "unit": "px",
              "top": "1",
              "right": "1",
              "bottom": "1",
              "left": "1",
              "isLinked": true
            },
            "mf_input_border_color": "#EAECF1",
            "mf_input_typgraphy_typography": "custom",
            "mf_input_typgraphy_font_family": "IBM Plex Sans",
            "mf_input_typgraphy_font_size": {
              "unit": "px",
              "size": 14,
              "sizes": []
            },
            "mf_input_typgraphy_font_weight": "400",
            "mf_input_typgraphy_line_height": {
              "unit": "px",
              "size": 18,
              "sizes": []
            },
            "mf_input_border_radius": {
              "unit": "px",
              "size": 6,
              "sizes": []
            },
            "mf_input_place_holder_typography_typography": "custom",
            "mf_input_place_holder_typography_font_family": "IBM Plex Sans",
            "mf_input_place_holder_typography_font_weight": "400",
            "mf_input_placeholder_color": "#878991",
            "mf_input_help_text_typography_typography": "custom",
            "mf_input_help_text_typography_font_family": "IBM Plex Sans",
            "mf_input_help_text_typography_font_size": {
              "unit": "px",
              "size": 13,
              "sizes": []
            },
            "mf_input_help_text_typography_font_weight": "400",
            "mf_input_help_text_typography_line_height": {
              "unit": "px",
              "size": 17,
              "sizes": []
            },
            "mf_input_validation_warning_message": "This field is required.",
            "mf_input_help_text_color": "#96989F",
            "mf_conditional_logic_form_list": [],
            "_margin": {
              "unit": "px",
              "top": "0",
              "right": "0",
              "bottom": "26",
              "left": "0",
              "isLinked": false
            },
            "mf_input_label_typography_line_height_tablet": {
              "unit": "px",
              "size": "",
              "sizes": []
            },
            "mf_input_label_typography_line_height_mobile": {
              "unit": "px",
              "size": "",
              "sizes": []
            },
            "mf_input_background_background": "classic",
            "mf_input_background_color": "#F6F7FA",
            "mf_input_background_hover_color": "#FFFFFF",
            "mf_input_background_focus_background": "classic",
            "mf_input_background_focus_color": "#FFFFFF",
            "mf_input_border_focus_border": "solid",
            "mf_input_border_focus_color": "#D6D8E0",
            "mf_input_typgraphy_line_height_tablet": {
              "unit": "px",
              "size": "",
              "sizes": []
            },
            "mf_input_typgraphy_line_height_mobile": {
              "unit": "px",
              "size": "",
              "sizes": []
            },
            "mf_input_typgraphy_word_spacing_tablet": {
              "unit": "px",
              "size": "",
              "sizes": []
            },
            "mf_input_typgraphy_word_spacing_mobile": {
              "unit": "px",
              "size": "",
              "sizes": []
            },
            "mf_input_place_holder_typography_font_size": {
              "unit": "px",
              "size": 14,
              "sizes": []
            },
            "mf_input_place_holder_typography_line_height": {
              "unit": "px",
              "size": 18,
              "sizes": []
            },
            "mf_input_place_holder_typography_line_height_tablet": {
              "unit": "px",
              "size": "",
              "sizes": []
            },
            "mf_input_place_holder_typography_line_height_mobile": {
              "unit": "px",
              "size": "",
              "sizes": []
            },
            "mf_input_help_text_typography_line_height_tablet": {
              "unit": "px",
              "size": "",
              "sizes": []
            },
            "mf_input_help_text_typography_line_height_mobile": {
              "unit": "px",
              "size": "",
              "sizes": []
            },
            "ekit_all_conditions_list": [
              {
                "_id": "30812ac"
              }
            ],
            "ekit_adv_tooltip_content": "Tooltip Content.",
            "mf_input_required_indicator_color": "#FC2F2F",
            "mf_input_warning_text_color": "#FC2F2F",
            "mf_input_warning_text_typography_typography": "custom",
            "mf_input_warning_text_typography_font_family": "IBM Plex Sans",
            "mf_input_warning_text_typography_font_size": {
              "unit": "px",
              "size": 16,
              "sizes": []
            },
            "mf_input_warning_text_typography_font_weight": "500",
            "mf_input_warning_text_typography_line_height": {
              "unit": "px",
              "size": 21,
              "sizes": []
            }
          },
          "elements": [],
          "isInner": false,
          "widgetType": "mf-email",
          "elType": "widget"
        },
        {
          "id": "5fbabde8",
          "settings": {
            "mf_btn_text": "Submit Now",
            "mf_btn_align": "",
            "mf_btn_text_padding": {
              "unit": "px",
              "top": "17",
              "right": "28",
              "bottom": "16",
              "left": "28",
              "isLinked": false
            },
            "mf_btn_typography_typography": "custom",
            "mf_btn_typography_font_family": "Roboto",
            "mf_btn_typography_font_size": {
              "unit": "px",
              "size": 14,
              "sizes": []
            },
            "mf_btn_typography_font_weight": "500",
            "mf_btn_typography_line_height": {
              "unit": "px",
              "size": 11,
              "sizes": []
            },
            "mf_btn_bg_color_background": "classic",
            "mf_btn_bg_color_color": "#3970FF",
            "mf_btn_box_shadow_group_box_shadow_type": "yes",
            "mf_btn_box_shadow_group_box_shadow": {
              "horizontal": 0,
              "vertical": 0,
              "blur": 0,
              "spread": 0,
              "color": "rgba(0,0,0,0.5)"
            },
            "mf_conditional_logic_form_list": [],
            "mf_hidden_input": [],
            "mf_btn_typography_line_height_tablet": {
              "unit": "px",
              "size": "",
              "sizes": []
            },
            "mf_btn_typography_line_height_mobile": {
              "unit": "px",
              "size": "",
              "sizes": []
            },
            "mf_btn_text_color": "#FFFFFF",
            "mf_btn_hover_color": "",
            "mf_btn_bg_hover_color_background": "classic",
            "mf_btn_border_radius": {
              "unit": "px",
              "top": "8",
              "right": "8",
              "bottom": "8",
              "left": "8",
              "isLinked": true
            },
            "_element_width": "auto",
            "ekit_all_conditions_list": [
              {
                "_id": "eed14b8"
              }
            ],
            "ekit_adv_tooltip_content": "Tooltip Content.",
            "_border_radius": {
              "unit": "px",
              "top": "8",
              "right": "8",
              "bottom": "8",
              "left": "8",
              "isLinked": true
            },
            "_box_shadow_hover_box_shadow_type": "yes",
            "_box_shadow_hover_box_shadow": {
              "horizontal": 0,
              "vertical": 2,
              "blur": 4,
              "spread": 0,
              "color": "rgba(2.9999999999999996, 28.00000000000002, 90, 0.4)"
            },
            "_margin": {
              "unit": "px",
              "top": "0",
              "right": "0",
              "bottom": "0",
              "left": "0",
              "isLinked": false
            }
          },
          "elements": [],
          "isInner": false,
          "widgetType": "mf-button",
          "elType": "widget"
        }
      ],
      "isInner": false,
      "elType": "container"
    }
  ],
  "page_settings": [],
  "version": "0.4",
  "title": "personal-data-erasure",
  "type": "page"
}