{
  "content": [
    {
      "id": "5f9c9d54",
      "settings": {
        "box_shadow_box_shadow": {
          "horizontal": 0,
          "vertical": 0,
          "blur": 15,
          "spread": 0,
          "color": "rgba(0, 0, 0, 0.06)"
        },
        "background_background": "classic",
        "background_color": "#FFFFFF",
        "border_radius": {
          "unit": "px",
          "top": "10",
          "right": "10",
          "bottom": "10",
          "left": "10",
          "isLinked": true
        },
        "padding": {
          "unit": "px",
          "top": "50",
          "right": "50",
          "bottom": "50",
          "left": "50",
          "isLinked": true
        },
        "background_position": "center center",
        "background_repeat": "no-repeat",
        "background_size": "cover",
        "background_overlay_color_b": "rgba(0, 0, 0, 0.53)",
        "background_overlay_opacity": {
          "unit": "px",
          "size": "",
          "sizes": []
        },
        "background_overlay_gradient_angle": {
          "unit": "deg",
          "size": "",
          "sizes": []
        },
        "border_width": {
          "unit": "px",
          "top": "1",
          "right": "1",
          "bottom": "1",
          "left": "1",
          "isLinked": true
        },
        "border_color": "#F1F1F1",
        "box_shadow_box_shadow_position": "inset",
        "content_width": "full",
        "padding_tablet": {
          "unit": "px",
          "top": "35",
          "right": "35",
          "bottom": "35",
          "left": "35",
          "isLinked": true
        },
        "padding_mobile": {
          "unit": "px",
          "top": "15",
          "right": "15",
          "bottom": "15",
          "left": "15",
          "isLinked": true
        },
        "ekit_all_conditions_list": [
          {
            "_id": "a13a269"
          }
        ],
        "ekit_section_parallax_multi_items": [],
        "flex_direction": "row",
        "flex_align_items": "stretch",
        "flex_gap": {
          "size": 10,
          "column": "10",
          "row": "10",
          "unit": "px"
        }
      },
      "elements": [
        {
          "id": "144ddea1",
          "settings": {
            "_column_size": 100,
            "width": {
              "size": null,
              "unit": "%"
            },
            "flex_gap": {
              "size": 0,
              "column": "0",
              "row": "0",
              "unit": "px"
            },
            "background_background": "classic",
            "background_color": "#F3F6FA",
            "background_image": {
              "url": "https://demo.wpmet.com/emailkit/wp-content/uploads/2025/05/02-illustration.jpg",
              "id": 1377,
              "alt": "",
              "source": "library",
              "size": ""
            },
            "background_position": "top right",
            "background_repeat": "no-repeat",
            "background_size": "auto",
            "background_size_mobile": "initial",
            "background_bg_width_mobile": {
              "unit": "px",
              "size": 100,
              "sizes": []
            },
            "border_radius": {
              "unit": "px",
              "top": "10",
              "right": "10",
              "bottom": "10",
              "left": "10",
              "isLinked": true
            },
            "padding": {
              "unit": "px",
              "top": "80",
              "right": "50",
              "bottom": "80",
              "left": "50",
              "isLinked": false
            },
            "padding_tablet": {
              "unit": "px",
              "top": "50",
              "right": "30",
              "bottom": "50",
              "left": "30",
              "isLinked": false
            },
            "padding_mobile": {
              "unit": "px",
              "top": "25",
              "right": "25",
              "bottom": "25",
              "left": "25",
              "isLinked": true
            },
            "ekit_all_conditions_list": [
              {
                "_id": "8f9d8b2"
              }
            ],
            "content_width": "full",
            "flex_direction": "column",
            "flex_align_items": "flex-start"
          },
          "elements": [
            {
              "id": "2289f6b3",
              "settings": {
                "title": "Don't miss any update",
                "title_color": "#0D1427",
                "typography_typography": "custom",
                "typography_font_family": "IBM Plex Sans",
                "typography_font_size": {
                  "unit": "px",
                  "size": 42,
                  "sizes": []
                },
                "typography_font_weight": "700",
                "_margin": {
                  "unit": "px",
                  "top": "0",
                  "right": "0",
                  "bottom": "7",
                  "left": "0",
                  "isLinked": false
                },
                "text_shadow_text_shadow": {
                  "horizontal": 2,
                  "vertical": 2,
                  "blur": 3,
                  "color": "rgba(0, 0, 0, 0.05)"
                },
                "typography_font_size_mobile": {
                  "unit": "px",
                  "size": 30,
                  "sizes": []
                },
                "typography_line_height": {
                  "unit": "px",
                  "size": 48,
                  "sizes": []
                },
                "typography_line_height_tablet": {
                  "unit": "px",
                  "size": "",
                  "sizes": []
                },
                "typography_line_height_mobile": {
                  "unit": "px",
                  "size": 36,
                  "sizes": []
                },
                "ekit_all_conditions_list": [
                  {
                    "_id": "dc3de11"
                  }
                ],
                "ekit_adv_tooltip_content": "Tooltip Content."
              },
              "elements": [],
              "isInner": false,
              "widgetType": "heading",
              "elType": "widget"
            },
            {
              "id": "49faa0a4",
              "settings": {
                "title": "Subscribe now to get the latest news, offers and updates about your favorite contents.",
                "header_size": "p",
                "title_color": "#54565C",
                "typography_typography": "custom",
                "typography_font_family": "IBM Plex Sans",
                "typography_font_size": {
                  "unit": "px",
                  "size": 18,
                  "sizes": []
                },
                "typography_font_weight": "400",
                "typography_line_height": {
                  "unit": "px",
                  "size": 26,
                  "sizes": []
                },
                "_element_width": "initial",
                "_element_custom_width": {
                  "unit": "px",
                  "size": 530,
                  "sizes": []
                },
                "_title": "Sub-Heading",
                "_element_width_tablet": "initial",
                "_element_custom_width_tablet": {
                  "unit": "px",
                  "size": 418,
                  "sizes": []
                },
                "text_shadow_text_shadow": {
                  "horizontal": 2,
                  "vertical": 2,
                  "blur": 3,
                  "color": "rgba(0, 0, 0, 0.05)"
                },
                "typography_font_size_mobile": {
                  "unit": "px",
                  "size": 16,
                  "sizes": []
                },
                "typography_line_height_mobile": {
                  "unit": "px",
                  "size": 24,
                  "sizes": []
                },
                "_margin": {
                  "unit": "px",
                  "top": "0",
                  "right": "0",
                  "bottom": "30",
                  "left": "0",
                  "isLinked": false
                },
                "ekit_all_conditions_list": [
                  {
                    "_id": "7d55090"
                  }
                ],
                "ekit_adv_tooltip_content": "Tooltip Content."
              },
              "elements": [],
              "isInner": false,
              "widgetType": "heading",
              "elType": "widget"
            },
            {
              "id": "3f48b666",
              "settings": {
                "mf_input_label": "",
                "mf_input_name": "mf-email",
                "mf_input_placeholder": "Email Address",
                "mf_input_required": "",
                "mf_input_label_color": "#0D1427",
                "mf_input_label_typography_typography": "custom",
                "mf_input_label_typography_font_family": "IBM Plex Sans",
                "mf_input_label_typography_font_size": {
                  "unit": "px",
                  "size": 16,
                  "sizes": []
                },
                "mf_input_label_typography_font_weight": "500",
                "mf_input_label_typography_line_height": {
                  "unit": "px",
                  "size": 21,
                  "sizes": []
                },
                "mf_input_label_margin": {
                  "unit": "px",
                  "top": "0",
                  "right": "0",
                  "bottom": "0",
                  "left": "0",
                  "isLinked": true
                },
                "mf_input_padding": {
                  "unit": "px",
                  "top": "15",
                  "right": "30",
                  "bottom": "17",
                  "left": "30",
                  "isLinked": false
                },
                "mf_input_color": "#0D1427",
                "mf_input_border_border": "solid",
                "mf_input_border_width": {
                  "unit": "px",
                  "top": "1",
                  "right": "1",
                  "bottom": "1",
                  "left": "1",
                  "isLinked": true
                },
                "mf_input_border_color": "#FFFFFF",
                "mf_input_typgraphy_typography": "custom",
                "mf_input_typgraphy_font_family": "IBM Plex Sans",
                "mf_input_typgraphy_font_size": {
                  "unit": "px",
                  "size": 14,
                  "sizes": []
                },
                "mf_input_typgraphy_font_weight": "400",
                "mf_input_typgraphy_line_height": {
                  "unit": "px",
                  "size": 18,
                  "sizes": []
                },
                "mf_input_border_radius": {
                  "unit": "px",
                  "size": 45,
                  "sizes": []
                },
                "mf_input_box_shadow_box_shadow_type": "yes",
                "mf_input_box_shadow_box_shadow": {
                  "horizontal": 0,
                  "vertical": 2,
                  "blur": 4,
                  "spread": 0,
                  "color": "rgba(0, 0, 0, 0.16)"
                },
                "mf_input_place_holder_typography_typography": "custom",
                "mf_input_place_holder_typography_font_family": "IBM Plex Sans",
                "mf_input_place_holder_typography_font_weight": "400",
                "mf_input_placeholder_color": "#878991",
                "mf_input_help_text_typography_typography": "custom",
                "mf_input_help_text_typography_font_family": "IBM Plex Sans",
                "mf_input_help_text_typography_font_size": {
                  "unit": "px",
                  "size": 13,
                  "sizes": []
                },
                "mf_input_help_text_typography_font_weight": "400",
                "mf_input_help_text_typography_line_height": {
                  "unit": "px",
                  "size": 17,
                  "sizes": []
                },
                "mf_input_validation_warning_message": "This field is required.",
                "_element_width": "initial",
                "_element_custom_width": {
                  "unit": "px",
                  "size": 530,
                  "sizes": []
                },
                "mf_conditional_logic_form_list": [],
                "mf_input_label_typography_line_height_tablet": {
                  "unit": "px",
                  "size": "",
                  "sizes": []
                },
                "mf_input_label_typography_line_height_mobile": {
                  "unit": "px",
                  "size": "",
                  "sizes": []
                },
                "mf_input_background_background": "classic",
                "mf_input_background_color": "#FFFFFF",
                "mf_input_background_hover_color": "#FFFFFF",
                "mf_input_background_focus_background": "classic",
                "mf_input_background_focus_color": "#FFFFFF",
                "mf_input_border_focus_border": "solid",
                "mf_input_border_focus_color": "#D6D8E0",
                "mf_input_typgraphy_line_height_tablet": {
                  "unit": "px",
                  "size": "",
                  "sizes": []
                },
                "mf_input_typgraphy_line_height_mobile": {
                  "unit": "px",
                  "size": "",
                  "sizes": []
                },
                "mf_input_typgraphy_word_spacing_tablet": {
                  "unit": "px",
                  "size": "",
                  "sizes": []
                },
                "mf_input_typgraphy_word_spacing_mobile": {
                  "unit": "px",
                  "size": "",
                  "sizes": []
                },
                "mf_input_place_holder_typography_font_size": {
                  "unit": "px",
                  "size": 14,
                  "sizes": []
                },
                "mf_input_place_holder_typography_line_height": {
                  "unit": "px",
                  "size": 18,
                  "sizes": []
                },
                "mf_input_place_holder_typography_line_height_tablet": {
                  "unit": "px",
                  "size": "",
                  "sizes": []
                },
                "mf_input_place_holder_typography_line_height_mobile": {
                  "unit": "px",
                  "size": "",
                  "sizes": []
                },
                "mf_input_help_text_typography_line_height_tablet": {
                  "unit": "px",
                  "size": "",
                  "sizes": []
                },
                "mf_input_help_text_typography_line_height_mobile": {
                  "unit": "px",
                  "size": "",
                  "sizes": []
                },
                "mf_input_help_text_color": "#96989F",
                "ekit_all_conditions_list": [
                  {
                    "_id": "30812ac"
                  }
                ],
                "ekit_adv_tooltip_content": "Tooltip Content.",
                "_margin": {
                  "unit": "px",
                  "top": "0",
                  "right": "0",
                  "bottom": "20",
                  "left": "0",
                  "isLinked": false
                },
                "_margin_mobile": {
                  "unit": "px",
                  "top": "0",
                  "right": "0",
                  "bottom": "15",
                  "left": "0",
                  "isLinked": false
                }
              },
              "elements": [],
              "isInner": false,
              "widgetType": "mf-email",
              "elType": "widget"
            },
            {
              "id": "397f5648",
              "settings": {
                "mf_btn_text": "Subscribe",
                "mf_btn_align": "",
                "mf_btn_text_padding": {
                  "unit": "px",
                  "top": "20",
                  "right": "34",
                  "bottom": "19",
                  "left": "34",
                  "isLinked": false
                },
                "mf_btn_typography_typography": "custom",
                "mf_btn_typography_font_family": "Roboto",
                "mf_btn_typography_font_size": {
                  "unit": "px",
                  "size": 15,
                  "sizes": []
                },
                "mf_btn_typography_font_weight": "500",
                "mf_btn_typography_line_height": {
                  "unit": "px",
                  "size": 11,
                  "sizes": []
                },
                "mf_btn_bg_color_background": "classic",
                "mf_btn_bg_color_color": "#3970FF",
                "mf_btn_box_shadow_group_box_shadow_type": "yes",
                "mf_btn_box_shadow_group_box_shadow": {
                  "horizontal": 0,
                  "vertical": 0,
                  "blur": 0,
                  "spread": 0,
                  "color": "rgba(0,0,0,0.5)"
                },
                "mf_btn_border_radius": {
                  "unit": "px",
                  "top": "45",
                  "right": "45",
                  "bottom": "45",
                  "left": "45",
                  "isLinked": true
                },
                "mf_conditional_logic_form_list": [],
                "mf_hidden_input": [],
                "mf_btn_typography_line_height_tablet": {
                  "unit": "px",
                  "size": "",
                  "sizes": []
                },
                "mf_btn_typography_line_height_mobile": {
                  "unit": "px",
                  "size": "",
                  "sizes": []
                },
                "mf_btn_text_color": "#FFFFFF",
                "mf_btn_hover_color": "",
                "mf_btn_bg_hover_color_background": "classic",
                "_element_width": "auto",
                "ekit_all_conditions_list": [
                  {
                    "_id": "eed14b8"
                  }
                ],
                "ekit_adv_tooltip_content": "Tooltip Content.",
                "_border_radius": {
                  "unit": "px",
                  "top": "45",
                  "right": "45",
                  "bottom": "45",
                  "left": "45",
                  "isLinked": true
                },
                "_box_shadow_hover_box_shadow_type": "yes",
                "_box_shadow_hover_box_shadow": {
                  "horizontal": 0,
                  "vertical": 2,
                  "blur": 4,
                  "spread": 0,
                  "color": "rgba(2.9999999999999996, 28.00000000000002, 90, 0.4)"
                }
              },
              "elements": [],
              "isInner": false,
              "widgetType": "mf-button",
              "elType": "widget"
            }
          ],
          "isInner": true,
          "elType": "container"
        }
      ],
      "isInner": false,
      "elType": "container"
    }
  ],
  "page_settings": [],
  "version": "0.4",
  "title": "Subscribe form 2",
  "type": "page"
}