{
  "content": [
    {
      "id": "7034cbf6",
      "settings": {
        "_column_size": 100,
        "flex_gap": {
          "size": 30,
          "column": "30",
          "row": "30",
          "unit": "px",
          "isLinked": true
        },
        "padding": {
          "unit": "px",
          "top": "40",
          "right": "50",
          "bottom": "50",
          "left": "50",
          "isLinked": false
        },
        "ekit_all_conditions_list": [
          {
            "_id": "2911435"
          }
        ],
        "content_width": "full",
        "flex_direction": "column",
        "flex_justify_content": "space-between",
        "flex_align_items": "flex-start",
        "flex_gap_tablet": {
          "column": "24",
          "row": "24",
          "isLinked": true,
          "unit": "px",
          "size": 24
        },
        "flex_wrap": "wrap",
        "metform_multistep_settings_title": "",
        "metform_multistep_settings_icon": {
          "value": "",
          "library": ""
        },
        "background_background": "classic",
        "background_color": "#ffffff",
        "box_shadow_box_shadow": {
          "horizontal": 0,
          "vertical": 30,
          "blur": 50,
          "spread": 0,
          "color": "rgba(3.0000000000000053, 12.000000000000005, 35, 0.08)"
        },
        "padding_tablet": {
          "unit": "px",
          "top": "50",
          "right": "15",
          "bottom": "50",
          "left": "15",
          "isLinked": false
        }
      },
      "elements": [
        {
          "id": "251820e7",
          "settings": {
            "title": "Calculation Form 2",
            "title_color": "#0D1427",
            "typography_typography": "custom",
            "typography_font_family": "IBM Plex Sans",
            "typography_font_size": {
              "unit": "px",
              "size": 26,
              "sizes": []
            },
            "typography_font_weight": "700",
            "typography_line_height": {
              "unit": "px",
              "size": 34,
              "sizes": []
            },
            "typography_line_height_tablet": {
              "unit": "px",
              "size": "",
              "sizes": []
            },
            "typography_line_height_mobile": {
              "unit": "px",
              "size": "",
              "sizes": []
            },
            "_padding": {
              "unit": "px",
              "top": "0",
              "right": "0",
              "bottom": "0",
              "left": "0",
              "isLinked": true
            },
            "ekit_all_conditions_list": [
              {
                "_id": "63c841d"
              }
            ],
            "ekit_adv_tooltip_content": "Tooltip Content.",
            "_padding_mobile": {
              "unit": "px",
              "top": "0",
              "right": "0",
              "bottom": "10",
              "left": "0",
              "isLinked": false
            },
            "_element_width": "inherit"
          },
          "elements": [],
          "isInner": false,
          "widgetType": "heading",
          "elType": "widget"
        },
        {
          "id": "39416562",
          "settings": {
            "structure": "20",
            "ekit_section_parallax_multi_items": [],
            "content_width": "full",
            "ekit_all_conditions_list": [
              {
                "_id": "7fd08b3"
              }
            ],
            "flex_direction": "row",
            "flex_align_items": "stretch",
            "flex_gap": {
              "size": 10,
              "column": "10",
              "row": "10",
              "unit": "px"
            },
            "container_type": "grid",
            "grid_columns_grid": {
              "unit": "fr",
              "size": 2,
              "sizes": []
            },
            "grid_rows_grid": {
              "unit": "fr",
              "size": 1,
              "sizes": []
            },
            "grid_gaps": {
              "column": "30",
              "row": "30",
              "isLinked": true,
              "unit": "px"
            },
            "grid_gaps_tablet": {
              "column": "24",
              "row": "24",
              "isLinked": true,
              "unit": "px"
            },
            "metform_multistep_settings_title": "",
            "metform_multistep_settings_icon": {
              "value": "",
              "library": ""
            },
            "padding": {
              "unit": "px",
              "top": "0",
              "right": "0",
              "bottom": "0",
              "left": "0",
              "isLinked": false
            },
            "presetTitle": "Grid",
            "presetIcon": "eicon-container-grid"
          },
          "elements": [
            {
              "id": "2a32b01c",
              "settings": {
                "mf_input_label": "First Name",
                "mf_input_name": "first-name",
                "mf_input_placeholder": "Anderson",
                "mf_input_help_text": "Enter your first name here",
                "mf_input_label_typography_typography": "custom",
                "mf_input_label_typography_font_family": "IBM Plex Sans",
                "mf_input_label_typography_font_size": {
                  "unit": "px",
                  "size": 16,
                  "sizes": []
                },
                "mf_input_label_typography_font_weight": "500",
                "mf_input_label_typography_line_height": {
                  "unit": "px",
                  "size": 21,
                  "sizes": []
                },
                "mf_input_min_length": 1,
                "mf_input_label_color": "#0D1427",
                "mf_input_label_margin": {
                  "unit": "px",
                  "top": "0",
                  "right": "0",
                  "bottom": "7",
                  "left": "0",
                  "isLinked": false
                },
                "mf_input_padding": {
                  "unit": "px",
                  "top": "15",
                  "right": "24",
                  "bottom": "17",
                  "left": "24",
                  "isLinked": false
                },
                "mf_input_color": "#0D1427",
                "mf_input_border_border": "solid",
                "mf_input_border_width": {
                  "unit": "px",
                  "top": "1",
                  "right": "1",
                  "bottom": "1",
                  "left": "1",
                  "isLinked": true
                },
                "mf_input_border_color": "#EAECF1",
                "mf_input_typgraphy_typography": "custom",
                "mf_input_typgraphy_font_family": "IBM Plex Sans",
                "mf_input_typgraphy_font_size": {
                  "unit": "px",
                  "size": 14,
                  "sizes": []
                },
                "mf_input_typgraphy_font_weight": "400",
                "mf_input_typgraphy_line_height": {
                  "unit": "px",
                  "size": 18,
                  "sizes": []
                },
                "mf_input_border_radius": {
                  "unit": "px",
                  "size": 6,
                  "sizes": []
                },
                "mf_input_place_holder_typography_typography": "custom",
                "mf_input_place_holder_typography_font_family": "IBM Plex Sans",
                "mf_input_place_holder_typography_font_weight": "400",
                "mf_input_placeholder_color": "#878991",
                "mf_input_help_text_typography_typography": "custom",
                "mf_input_help_text_typography_font_family": "IBM Plex Sans",
                "mf_input_help_text_typography_font_size": {
                  "unit": "px",
                  "size": 13,
                  "sizes": []
                },
                "mf_input_help_text_typography_font_weight": "400",
                "mf_input_help_text_typography_line_height": {
                  "unit": "px",
                  "size": 17,
                  "sizes": []
                },
                "mf_input_required": "yes",
                "mf_input_validation_warning_message": "This field is required.",
                "mf_input_help_text_color": "#96989F",
                "mf_conditional_logic_form_list": [],
                "mf_input_label_typography_line_height_tablet": {
                  "unit": "px",
                  "size": "",
                  "sizes": []
                },
                "mf_input_label_typography_line_height_mobile": {
                  "unit": "px",
                  "size": "",
                  "sizes": []
                },
                "mf_input_background_background": "classic",
                "mf_input_background_color": "#F6F7FA",
                "mf_input_background_hover_color": "#FFFFFF",
                "mf_input_background_focus_background": "classic",
                "mf_input_background_focus_color": "#FFFFFF",
                "mf_input_typgraphy_line_height_tablet": {
                  "unit": "px",
                  "size": "",
                  "sizes": []
                },
                "mf_input_typgraphy_line_height_mobile": {
                  "unit": "px",
                  "size": "",
                  "sizes": []
                },
                "mf_input_typgraphy_word_spacing_tablet": {
                  "unit": "px",
                  "size": "",
                  "sizes": []
                },
                "mf_input_typgraphy_word_spacing_mobile": {
                  "unit": "px",
                  "size": "",
                  "sizes": []
                },
                "mf_input_place_holder_typography_font_size": {
                  "unit": "px",
                  "size": 14,
                  "sizes": []
                },
                "mf_input_place_holder_typography_line_height": {
                  "unit": "px",
                  "size": 18,
                  "sizes": []
                },
                "mf_input_place_holder_typography_line_height_tablet": {
                  "unit": "px",
                  "size": "",
                  "sizes": []
                },
                "mf_input_place_holder_typography_line_height_mobile": {
                  "unit": "px",
                  "size": "",
                  "sizes": []
                },
                "mf_input_help_text_typography_line_height_tablet": {
                  "unit": "px",
                  "size": "",
                  "sizes": []
                },
                "mf_input_help_text_typography_line_height_mobile": {
                  "unit": "px",
                  "size": "",
                  "sizes": []
                },
                "ekit_all_conditions_list": [
                  {
                    "_id": "30812ac"
                  }
                ],
                "ekit_adv_tooltip_content": "Tooltip Content.",
                "mf_input_border_focus_border": "solid",
                "mf_input_border_focus_color": "#D6D8E0"
              },
              "elements": [],
              "isInner": false,
              "widgetType": "mf-text",
              "elType": "widget"
            },
            {
              "id": "2a82b68a",
              "settings": {
                "mf_input_label": "Last Name",
                "mf_input_name": "last-name",
                "mf_input_placeholder": "Mikoo",
                "mf_input_help_text": "Enter your last name here",
                "mf_input_label_color": "#0D1427",
                "mf_input_label_typography_typography": "custom",
                "mf_input_label_typography_font_family": "IBM Plex Sans",
                "mf_input_label_typography_font_size": {
                  "unit": "px",
                  "size": 16,
                  "sizes": []
                },
                "mf_input_label_typography_font_weight": "500",
                "mf_input_label_typography_line_height": {
                  "unit": "px",
                  "size": 21,
                  "sizes": []
                },
                "mf_input_label_margin": {
                  "unit": "px",
                  "top": "0",
                  "right": "0",
                  "bottom": "7",
                  "left": "0",
                  "isLinked": false
                },
                "mf_input_padding": {
                  "unit": "px",
                  "top": "15",
                  "right": "24",
                  "bottom": "17",
                  "left": "24",
                  "isLinked": false
                },
                "mf_input_color": "#0D1427",
                "mf_input_border_border": "solid",
                "mf_input_border_width": {
                  "unit": "px",
                  "top": "1",
                  "right": "1",
                  "bottom": "1",
                  "left": "1",
                  "isLinked": true
                },
                "mf_input_border_color": "#EAECF1",
                "mf_input_typgraphy_typography": "custom",
                "mf_input_typgraphy_font_family": "IBM Plex Sans",
                "mf_input_typgraphy_font_size": {
                  "unit": "px",
                  "size": 14,
                  "sizes": []
                },
                "mf_input_typgraphy_font_weight": "400",
                "mf_input_typgraphy_line_height": {
                  "unit": "px",
                  "size": 18,
                  "sizes": []
                },
                "mf_input_border_radius": {
                  "unit": "px",
                  "size": 6,
                  "sizes": []
                },
                "mf_input_place_holder_typography_typography": "custom",
                "mf_input_place_holder_typography_font_family": "IBM Plex Sans",
                "mf_input_place_holder_typography_font_weight": "400",
                "mf_input_placeholder_color": "#878991",
                "mf_input_help_text_typography_typography": "custom",
                "mf_input_help_text_typography_font_family": "IBM Plex Sans",
                "mf_input_help_text_typography_font_size": {
                  "unit": "px",
                  "size": 13,
                  "sizes": []
                },
                "mf_input_help_text_typography_font_weight": "400",
                "mf_input_help_text_typography_line_height": {
                  "unit": "px",
                  "size": 17,
                  "sizes": []
                },
                "mf_input_required": "yes",
                "mf_input_validation_warning_message": "This field is required.",
                "mf_input_help_text_color": "#96989F",
                "mf_conditional_logic_form_list": [],
                "mf_input_label_typography_line_height_tablet": {
                  "unit": "px",
                  "size": "",
                  "sizes": []
                },
                "mf_input_label_typography_line_height_mobile": {
                  "unit": "px",
                  "size": "",
                  "sizes": []
                },
                "mf_input_background_background": "classic",
                "mf_input_background_color": "#F6F7FA",
                "mf_input_background_hover_color": "#FFFFFF",
                "mf_input_background_focus_background": "classic",
                "mf_input_background_focus_color": "#FFFFFF",
                "mf_input_typgraphy_line_height_tablet": {
                  "unit": "px",
                  "size": "",
                  "sizes": []
                },
                "mf_input_typgraphy_line_height_mobile": {
                  "unit": "px",
                  "size": "",
                  "sizes": []
                },
                "mf_input_typgraphy_word_spacing_tablet": {
                  "unit": "px",
                  "size": "",
                  "sizes": []
                },
                "mf_input_typgraphy_word_spacing_mobile": {
                  "unit": "px",
                  "size": "",
                  "sizes": []
                },
                "mf_input_place_holder_typography_font_size": {
                  "unit": "px",
                  "size": 14,
                  "sizes": []
                },
                "mf_input_place_holder_typography_line_height": {
                  "unit": "px",
                  "size": 18,
                  "sizes": []
                },
                "mf_input_place_holder_typography_line_height_tablet": {
                  "unit": "px",
                  "size": "",
                  "sizes": []
                },
                "mf_input_place_holder_typography_line_height_mobile": {
                  "unit": "px",
                  "size": "",
                  "sizes": []
                },
                "mf_input_help_text_typography_line_height_tablet": {
                  "unit": "px",
                  "size": "",
                  "sizes": []
                },
                "mf_input_help_text_typography_line_height_mobile": {
                  "unit": "px",
                  "size": "",
                  "sizes": []
                },
                "ekit_all_conditions_list": [
                  {
                    "_id": "30812ac"
                  }
                ],
                "ekit_adv_tooltip_content": "Tooltip Content.",
                "mf_input_border_focus_border": "solid",
                "mf_input_border_focus_color": "#D6D8E0"
              },
              "elements": [],
              "isInner": false,
              "widgetType": "mf-text",
              "elType": "widget"
            }
          ],
          "isInner": true,
          "elType": "container"
        },
        {
          "id": "505d4d35",
          "settings": {
            "mf_input_label": "Email Address",
            "mf_input_name": "email",
            "mf_input_placeholder": "Add email",
            "mf_input_help_text": "Example: user@website.com",
            "mf_input_required": "yes",
            "mf_input_label_color": "#0D1427",
            "mf_input_label_typography_typography": "custom",
            "mf_input_label_typography_font_family": "IBM Plex Sans",
            "mf_input_label_typography_font_size": {
              "unit": "px",
              "size": 16,
              "sizes": []
            },
            "mf_input_label_typography_font_weight": "500",
            "mf_input_label_typography_line_height": {
              "unit": "px",
              "size": 21,
              "sizes": []
            },
            "mf_input_label_margin": {
              "unit": "px",
              "top": "0",
              "right": "0",
              "bottom": "7",
              "left": "0",
              "isLinked": false
            },
            "mf_input_padding": {
              "unit": "px",
              "top": "15",
              "right": "24",
              "bottom": "17",
              "left": "24",
              "isLinked": false
            },
            "mf_input_color": "#0D1427",
            "mf_input_border_border": "solid",
            "mf_input_border_width": {
              "unit": "px",
              "top": "1",
              "right": "1",
              "bottom": "1",
              "left": "1",
              "isLinked": true
            },
            "mf_input_border_color": "#EAECF1",
            "mf_input_typgraphy_typography": "custom",
            "mf_input_typgraphy_font_family": "IBM Plex Sans",
            "mf_input_typgraphy_font_size": {
              "unit": "px",
              "size": 14,
              "sizes": []
            },
            "mf_input_typgraphy_font_weight": "400",
            "mf_input_typgraphy_line_height": {
              "unit": "px",
              "size": 18,
              "sizes": []
            },
            "mf_input_border_radius": {
              "unit": "px",
              "size": 6,
              "sizes": []
            },
            "mf_input_place_holder_typography_typography": "custom",
            "mf_input_place_holder_typography_font_family": "IBM Plex Sans",
            "mf_input_place_holder_typography_font_weight": "400",
            "mf_input_placeholder_color": "#878991",
            "mf_input_help_text_typography_typography": "custom",
            "mf_input_help_text_typography_font_family": "IBM Plex Sans",
            "mf_input_help_text_typography_font_size": {
              "unit": "px",
              "size": 13,
              "sizes": []
            },
            "mf_input_help_text_typography_font_weight": "400",
            "mf_input_help_text_typography_line_height": {
              "unit": "px",
              "size": 17,
              "sizes": []
            },
            "mf_input_validation_warning_message": "This field is required.",
            "mf_input_help_text_color": "#96989F",
            "mf_conditional_logic_form_list": [],
            "mf_input_label_typography_line_height_tablet": {
              "unit": "px",
              "size": "",
              "sizes": []
            },
            "mf_input_label_typography_line_height_mobile": {
              "unit": "px",
              "size": "",
              "sizes": []
            },
            "mf_input_background_background": "classic",
            "mf_input_background_color": "#F6F7FA",
            "mf_input_background_hover_color": "#FFFFFF",
            "mf_input_background_focus_background": "classic",
            "mf_input_background_focus_color": "#FFFFFF",
            "mf_input_typgraphy_line_height_tablet": {
              "unit": "px",
              "size": "",
              "sizes": []
            },
            "mf_input_typgraphy_line_height_mobile": {
              "unit": "px",
              "size": "",
              "sizes": []
            },
            "mf_input_typgraphy_word_spacing_tablet": {
              "unit": "px",
              "size": "",
              "sizes": []
            },
            "mf_input_typgraphy_word_spacing_mobile": {
              "unit": "px",
              "size": "",
              "sizes": []
            },
            "mf_input_place_holder_typography_font_size": {
              "unit": "px",
              "size": 14,
              "sizes": []
            },
            "mf_input_place_holder_typography_line_height": {
              "unit": "px",
              "size": 18,
              "sizes": []
            },
            "mf_input_place_holder_typography_line_height_tablet": {
              "unit": "px",
              "size": "",
              "sizes": []
            },
            "mf_input_place_holder_typography_line_height_mobile": {
              "unit": "px",
              "size": "",
              "sizes": []
            },
            "mf_input_help_text_typography_line_height_tablet": {
              "unit": "px",
              "size": "",
              "sizes": []
            },
            "mf_input_help_text_typography_line_height_mobile": {
              "unit": "px",
              "size": "",
              "sizes": []
            },
            "ekit_all_conditions_list": [
              {
                "_id": "30812ac"
              }
            ],
            "ekit_adv_tooltip_content": "Tooltip Content.",
            "mf_input_border_focus_border": "solid",
            "mf_input_border_focus_color": "#D6D8E0",
            "_element_width": "inherit"
          },
          "elements": [],
          "isInner": false,
          "widgetType": "mf-email",
          "elType": "widget"
        },
        {
          "id": "2f9d3910",
          "settings": {
            "structure": "20",
            "ekit_section_parallax_multi_items": [],
            "content_width": "full",
            "ekit_all_conditions_list": [
              {
                "_id": "7fd08b3"
              }
            ],
            "flex_direction": "row",
            "flex_align_items": "stretch",
            "flex_gap": {
              "size": 30,
              "column": "30",
              "row": "30",
              "unit": "px",
              "isLinked": true
            },
            "grid_columns_grid": {
              "unit": "fr",
              "size": 2,
              "sizes": []
            },
            "grid_rows_grid": {
              "unit": "fr",
              "size": 1,
              "sizes": []
            },
            "grid_gaps": {
              "column": "30",
              "row": "30",
              "isLinked": true,
              "unit": "px"
            },
            "grid_gaps_tablet": {
              "column": "24",
              "row": "24",
              "isLinked": true,
              "unit": "px"
            },
            "metform_multistep_settings_title": "",
            "metform_multistep_settings_icon": {
              "value": "",
              "library": ""
            },
            "padding": {
              "unit": "px",
              "top": "0",
              "right": "0",
              "bottom": "0",
              "left": "0",
              "isLinked": false
            },
            "presetTitle": "Container",
            "presetIcon": "eicon-container",
            "flex_justify_content": "space-between",
            "flex_gap_tablet": {
              "column": "24",
              "row": "24",
              "isLinked": true,
              "unit": "px",
              "size": 24
            }
          },
          "elements": [
            {
              "id": "5dd949af",
              "settings": {
                "content_width": "full",
                "flex_direction": "row",
                "flex_align_items": "flex-start",
                "flex_gap": {
                  "column": "30",
                  "row": "30",
                  "isLinked": false,
                  "unit": "px",
                  "size": 30
                },
                "flex_gap_tablet": {
                  "column": "24",
                  "row": "24",
                  "isLinked": true,
                  "unit": "px",
                  "size": 24
                },
                "flex_wrap": "wrap",
                "metform_multistep_settings_title": "",
                "metform_multistep_settings_icon": {
                  "value": "",
                  "library": ""
                },
                "padding": {
                  "unit": "px",
                  "top": "0",
                  "right": "0",
                  "bottom": "0",
                  "left": "0",
                  "isLinked": false
                }
              },
              "elements": [
                {
                  "id": "4d622bdd",
                  "settings": {
                    "mf_input_label": "Product",
                    "mf_input_name": "product",
                    "mf_input_list": [
                      {
                        "mf_input_option_value": "elementskit",
                        "_id": "a1b7b2d",
                        "mf_input_option_text": {
                          "id": 9875,
                          "url": "http://wpmet.com/plugin/metform/wp-content/uploads/2019/12/logo_thumbnail_elementskit.png",
                          "alt": "",
                          "source": "library"
                        },
                        "mf_input_option_img_hover": {
                          "url": "",
                          "id": ""
                        }
                      },
                      {
                        "mf_input_option_value": "ShopEngine",
                        "mf_input_option_text": {
                          "id": 9938,
                          "url": "http://wpmet.com/plugin/metform/wp-content/uploads/2019/12/logo_thumbnail_shopengine.png",
                          "alt": "",
                          "source": "library"
                        },
                        "mf_input_option_img_hover": {
                          "url": "",
                          "id": ""
                        },
                        "_id": "042cae6"
                      },
                      {
                        "mf_input_option_value": "metform",
                        "_id": "4d6bbf4",
                        "mf_input_option_text": {
                          "id": 9876,
                          "url": "http://wpmet.com/plugin/metform/wp-content/uploads/2019/12/logo_thumbnail_metform.png",
                          "alt": "",
                          "source": "library"
                        },
                        "mf_input_option_img_hover": {
                          "url": "",
                          "id": ""
                        }
                      }
                    ],
                    "mf_input_option_space_between": {
                      "unit": "px",
                      "size": 90,
                      "sizes": []
                    },
                    "mf_input_option_height": {
                      "unit": "px",
                      "size": 80,
                      "sizes": []
                    },
                    "mf_input_required": "",
                    "mf_input_label_color": "#0D1427",
                    "mf_input_label_typography_typography": "custom",
                    "mf_input_label_typography_font_family": "IBM Plex Sans",
                    "mf_input_label_typography_font_size": {
                      "unit": "px",
                      "size": 16,
                      "sizes": []
                    },
                    "mf_input_label_typography_font_weight": "500",
                    "mf_input_label_typography_line_height": {
                      "unit": "px",
                      "size": 21,
                      "sizes": []
                    },
                    "mf_input_label_margin": {
                      "unit": "px",
                      "top": "0",
                      "right": "0",
                      "bottom": "18",
                      "left": "0",
                      "isLinked": false
                    },
                    "mf_input_required_indicator_color": "#FF0000",
                    "mf_input_typgraphy_typography": "custom",
                    "mf_input_typgraphy_font_family": "Helvetica",
                    "mf_input_typgraphy_font_size": {
                      "unit": "px",
                      "size": 14,
                      "sizes": []
                    },
                    "mf_input_typgraphy_font_weight": "400",
                    "mf_input_typgraphy_line_height": {
                      "unit": "px",
                      "size": 15,
                      "sizes": []
                    },
                    "mf_input_help_text_typography_typography": "custom",
                    "mf_input_help_text_typography_font_family": "Helvetica",
                    "mf_input_help_text_typography_font_size": {
                      "unit": "px",
                      "size": 12,
                      "sizes": []
                    },
                    "mf_input_help_text_typography_font_weight": "400",
                    "mf_input_help_text_typography_font_style": "italic",
                    "mf_input_help_text_typography_line_height": {
                      "unit": "px",
                      "size": 14,
                      "sizes": []
                    },
                    "mf_input_help_text_padding": {
                      "unit": "px",
                      "top": "3",
                      "right": "0",
                      "bottom": "0",
                      "left": "0",
                      "isLinked": false
                    },
                    "mf_input_option_normal_image_color": "rgba(0,0,0,0.05)",
                    "mf_select_img_preview_img_border_color": "#4285f4",
                    "mf_input_option_selected_image_color": "#4285f4",
                    "mf_input_validation_warning_message": "This field is required.",
                    "mf_image_select_item_margin": {
                      "unit": "px",
                      "top": "0",
                      "right": "10",
                      "bottom": "0",
                      "left": "0",
                      "isLinked": false
                    },
                    "mf_image_select_item_border_width": {
                      "unit": "px",
                      "top": "1",
                      "right": "1",
                      "bottom": "1",
                      "left": "1",
                      "isLinked": true
                    },
                    "mf_image_select_item_border_color": "#FFFFFF",
                    "mf_image_select_item_border_active_width": {
                      "unit": "px",
                      "top": "1",
                      "right": "1",
                      "bottom": "1",
                      "left": "1",
                      "isLinked": true
                    },
                    "mf_conditional_logic_form_list": [],
                    "_margin": {
                      "unit": "px",
                      "top": "0",
                      "right": "0",
                      "bottom": "0",
                      "left": "0",
                      "isLinked": false
                    },
                    "ekit_all_conditions_list": [
                      {
                        "_id": "fbf6176"
                      }
                    ],
                    "ekit_adv_tooltip_content": "Tooltip Content.",
                    "mf_image_select_item_padding": {
                      "unit": "px",
                      "top": "4",
                      "right": "4",
                      "bottom": "4",
                      "left": "4",
                      "isLinked": true
                    },
                    "mf_image_select_item_box_shadow_box_shadow_type": "yes",
                    "mf_image_select_item_box_shadow_box_shadow": {
                      "horizontal": 0,
                      "vertical": 1,
                      "blur": 3,
                      "spread": 0,
                      "color": "rgba(3.0000000000000053, 12.000000000000005, 35, 0.24)"
                    },
                    "__globals__": {
                      "mf_image_select_item_border_active_color": "globals/colors?id=secondary"
                    },
                    "_element_width": "inherit"
                  },
                  "elements": [],
                  "isInner": false,
                  "widgetType": "mf-image-select",
                  "elType": "widget"
                },
                {
                  "id": "4c326f78",
                  "settings": {
                    "mf_input_label": "Package Type",
                    "mf_input_name": "package-type",
                    "mf_input_list": [
                      {
                        "mf_input_option_text": "Yearly",
                        "mf_input_option_value": "yearly",
                        "_id": "87f3be6"
                      },
                      {
                        "mf_input_option_text": "Lifetime",
                        "mf_input_option_value": "lifetime",
                        "_id": "02d4f80"
                      }
                    ],
                    "mf_input_label_color": "#0D1427",
                    "mf_input_label_typography_typography": "custom",
                    "mf_input_label_typography_font_family": "IBM Plex Sans",
                    "mf_input_label_typography_font_size": {
                      "unit": "px",
                      "size": 16,
                      "sizes": []
                    },
                    "mf_input_label_typography_font_weight": "500",
                    "mf_input_label_typography_line_height": {
                      "unit": "px",
                      "size": 21,
                      "sizes": []
                    },
                    "mf_input_label_margin": {
                      "unit": "px",
                      "top": "0",
                      "right": "0",
                      "bottom": "8",
                      "left": "0",
                      "isLinked": false
                    },
                    "mf_input_typgraphy_typography": "custom",
                    "mf_input_typgraphy_font_family": "Helvetica",
                    "mf_input_typgraphy_font_size": {
                      "unit": "px",
                      "size": 16,
                      "sizes": []
                    },
                    "mf_input_typgraphy_line_height": {
                      "unit": "px",
                      "size": 15,
                      "sizes": []
                    },
                    "mf_input_help_text_typography_typography": "custom",
                    "mf_input_help_text_typography_font_family": "Helvetica",
                    "mf_input_help_text_typography_font_size": {
                      "unit": "px",
                      "size": 12,
                      "sizes": []
                    },
                    "mf_input_help_text_typography_font_weight": "400",
                    "mf_input_help_text_typography_font_style": "italic",
                    "mf_input_help_text_typography_line_height": {
                      "unit": "px",
                      "size": 14,
                      "sizes": []
                    },
                    "mf_input_help_text_padding": {
                      "unit": "px",
                      "top": "3",
                      "right": "0",
                      "bottom": "0",
                      "left": "0",
                      "isLinked": false
                    },
                    "mf_input_option_icon_color": "#A3A9BA",
                    "mf_input_required": "yes",
                    "mf_input_option_padding": {
                      "unit": "px",
                      "top": "7",
                      "right": "0",
                      "bottom": "0",
                      "left": "0",
                      "isLinked": false
                    },
                    "mf_input_typgraphy_font_weight": "400",
                    "mf_input_option_icon_horizontal_position": {
                      "unit": "px",
                      "size": 0,
                      "sizes": []
                    },
                    "mf_input_typgraphy_text_typography": "custom",
                    "mf_input_typgraphy_text_font_family": "IBM Plex Sans",
                    "mf_input_typgraphy_text_font_size": {
                      "unit": "px",
                      "size": 15,
                      "sizes": []
                    },
                    "mf_input_typgraphy_text_font_weight": "400",
                    "mf_input_typgraphy_text_line_height": {
                      "unit": "px",
                      "size": 21,
                      "sizes": []
                    },
                    "mf_input_validation_warning_message": "This field is required.",
                    "mf_input_display_option": "block",
                    "mf_input_help_text_color": "#555555",
                    "mf_conditional_logic_form_list": [],
                    "ekit_all_conditions_list": [
                      {
                        "_id": "5d95802"
                      }
                    ],
                    "ekit_adv_tooltip_content": "Tooltip Content.",
                    "mf_input_option_space_between": {
                      "unit": "px",
                      "size": 21,
                      "sizes": []
                    },
                    "_margin": {
                      "unit": "px",
                      "top": "0",
                      "right": "60",
                      "bottom": "0",
                      "left": "0",
                      "isLinked": false
                    },
                    "_element_width": "auto",
                    "__globals__": {
                      "mf_input_option_icon_color_checked": "globals/colors?id=secondary",
                      "mf_input_option_color": "globals/colors?id=text"
                    },
                    "_margin_mobile": {
                      "unit": "px",
                      "top": "0",
                      "right": "0",
                      "bottom": "0",
                      "left": "0",
                      "isLinked": false
                    },
                    "_margin_tablet": {
                      "unit": "px",
                      "top": "0",
                      "right": "30",
                      "bottom": "0",
                      "left": "0",
                      "isLinked": false
                    }
                  },
                  "elements": [],
                  "isInner": false,
                  "widgetType": "mf-radio",
                  "elType": "widget"
                },
                {
                  "id": "34abd93",
                  "settings": {
                    "mf_input_label": "Total ($)",
                    "mf_input_name": "year-total",
                    "mf_input_placeholder": "0",
                    "mf_input_calculation_equation": "package-plan-yearly* quantity",
                    "mf_input_required": "",
                    "mf_input_label_typography_typography": "custom",
                    "mf_input_label_typography_font_family": "IBM Plex Sans",
                    "mf_input_label_typography_font_size": {
                      "unit": "px",
                      "size": 16,
                      "sizes": []
                    },
                    "mf_input_label_typography_font_weight": "500",
                    "mf_input_label_typography_line_height": {
                      "unit": "px",
                      "size": 19,
                      "sizes": []
                    },
                    "mf_input_label_margin": {
                      "unit": "px",
                      "top": "0",
                      "right": "0",
                      "bottom": "7",
                      "left": "0",
                      "isLinked": false
                    },
                    "mf_input_required_indicator_color": "#101010",
                    "mf_input_border_border": "solid",
                    "mf_input_border_width": {
                      "unit": "px",
                      "top": "0",
                      "right": "0",
                      "bottom": "0",
                      "left": "0",
                      "isLinked": true
                    },
                    "mf_input_typgraphy_typography": "custom",
                    "mf_input_typgraphy_font_family": "IBM Plex Sans",
                    "mf_input_typgraphy_font_size": {
                      "unit": "px",
                      "size": 20,
                      "sizes": []
                    },
                    "mf_input_typgraphy_font_weight": "500",
                    "mf_input_typgraphy_line_height": {
                      "unit": "px",
                      "size": 24,
                      "sizes": []
                    },
                    "mf_input_box_shadow_box_shadow": {
                      "horizontal": 0,
                      "vertical": 3,
                      "blur": 5,
                      "spread": 0,
                      "color": "rgba(0,0,0,0.05)"
                    },
                    "mf_input_place_holder_typography_typography": "custom",
                    "mf_input_place_holder_typography_font_family": "Helvetica",
                    "mf_input_place_holder_typography_font_weight": "400",
                    "mf_input_placeholder_color": "#101010",
                    "mf_input_help_text_typography_typography": "custom",
                    "mf_input_help_text_typography_font_family": "Helvetica",
                    "mf_input_help_text_typography_font_size": {
                      "unit": "px",
                      "size": 12,
                      "sizes": []
                    },
                    "mf_input_help_text_typography_font_weight": "400",
                    "mf_input_help_text_typography_line_height": {
                      "unit": "px",
                      "size": 14,
                      "sizes": []
                    },
                    "mf_input_help_text_padding": {
                      "unit": "px",
                      "top": "0",
                      "right": "0",
                      "bottom": "5",
                      "left": "0",
                      "isLinked": false
                    },
                    "mf_conditional_logic_form_enable": "yes",
                    "mf_conditional_logic_form_list": [
                      {
                        "mf_conditional_logic_form_if": "package-type",
                        "mf_conditional_logic_form_comparison_operators": "==",
                        "mf_conditional_logic_form_value": "yearly",
                        "mf_conditional_logic_form_action": [
                          "show"
                        ],
                        "_id": "133c5f6"
                      }
                    ],
                    "mf_input_place_holder_typography_font_size": {
                      "unit": "px",
                      "size": 16,
                      "sizes": []
                    },
                    "mf_input_validation_warning_message": "This field is required.",
                    "ekit_all_conditions_list": [
                      {
                        "_id": "3df5d49"
                      }
                    ],
                    "ekit_adv_tooltip_content": "Tooltip Content.",
                    "mf_field_input_spacing": {
                      "unit": "px",
                      "size": 0,
                      "sizes": []
                    },
                    "mf_input_label_width": {
                      "unit": "%",
                      "size": "",
                      "sizes": []
                    },
                    "mf_input_border_radius": {
                      "unit": "px",
                      "size": "",
                      "sizes": []
                    },
                    "mf_input_help_text_color": "#74788d",
                    "_margin": {
                      "unit": "px",
                      "top": "0",
                      "right": "0",
                      "bottom": "0",
                      "left": "0",
                      "isLinked": false
                    },
                    "_element_width": "auto",
                    "__globals__": {
                      "mf_input_color_hover": "globals/colors?id=secondary",
                      "mf_input_color": "globals/colors?id=secondary",
                      "mf_input_color_focus": "globals/colors?id=secondary",
                      "mf_input_label_color": "globals/colors?id=primary"
                    }
                  },
                  "elements": [],
                  "isInner": false,
                  "widgetType": "mf-calculation",
                  "elType": "widget"
                },
                {
                  "id": "35827a24",
                  "settings": {
                    "mf_input_label": "Total ($)",
                    "mf_input_name": "lifetime-total",
                    "mf_input_placeholder": "0",
                    "mf_input_calculation_equation": "package-plan-lifetime * quantity",
                    "mf_input_required": "",
                    "mf_input_label_typography_typography": "custom",
                    "mf_input_label_typography_font_family": "IBM Plex Sans",
                    "mf_input_label_typography_font_size": {
                      "unit": "px",
                      "size": 16,
                      "sizes": []
                    },
                    "mf_input_label_typography_font_weight": "500",
                    "mf_input_label_typography_line_height": {
                      "unit": "px",
                      "size": 19,
                      "sizes": []
                    },
                    "mf_input_label_margin": {
                      "unit": "px",
                      "top": "0",
                      "right": "0",
                      "bottom": "7",
                      "left": "0",
                      "isLinked": false
                    },
                    "mf_input_required_indicator_color": "#101010",
                    "mf_input_border_border": "solid",
                    "mf_input_border_width": {
                      "unit": "px",
                      "top": "0",
                      "right": "0",
                      "bottom": "0",
                      "left": "0",
                      "isLinked": true
                    },
                    "mf_input_typgraphy_typography": "custom",
                    "mf_input_typgraphy_font_family": "IBM Plex Sans",
                    "mf_input_typgraphy_font_size": {
                      "unit": "px",
                      "size": 20,
                      "sizes": []
                    },
                    "mf_input_typgraphy_font_weight": "500",
                    "mf_input_typgraphy_line_height": {
                      "unit": "px",
                      "size": 24,
                      "sizes": []
                    },
                    "mf_input_box_shadow_box_shadow": {
                      "horizontal": 0,
                      "vertical": 3,
                      "blur": 5,
                      "spread": 0,
                      "color": "rgba(0,0,0,0.05)"
                    },
                    "mf_input_place_holder_typography_typography": "custom",
                    "mf_input_place_holder_typography_font_family": "Helvetica",
                    "mf_input_place_holder_typography_font_weight": "400",
                    "mf_input_placeholder_color": "#101010",
                    "mf_input_help_text_typography_typography": "custom",
                    "mf_input_help_text_typography_font_family": "Helvetica",
                    "mf_input_help_text_typography_font_size": {
                      "unit": "px",
                      "size": 12,
                      "sizes": []
                    },
                    "mf_input_help_text_typography_font_weight": "400",
                    "mf_input_help_text_typography_line_height": {
                      "unit": "px",
                      "size": 14,
                      "sizes": []
                    },
                    "mf_input_help_text_padding": {
                      "unit": "px",
                      "top": "0",
                      "right": "0",
                      "bottom": "5",
                      "left": "0",
                      "isLinked": false
                    },
                    "mf_conditional_logic_form_enable": "yes",
                    "mf_conditional_logic_form_list": [
                      {
                        "mf_conditional_logic_form_if": "package-type",
                        "mf_conditional_logic_form_comparison_operators": "==",
                        "mf_conditional_logic_form_value": "lifetime",
                        "mf_conditional_logic_form_action": [
                          "show"
                        ],
                        "_id": "133c5f6"
                      }
                    ],
                    "mf_input_place_holder_typography_font_size": {
                      "unit": "px",
                      "size": 16,
                      "sizes": []
                    },
                    "mf_input_validation_warning_message": "This field is required.",
                    "ekit_all_conditions_list": [
                      {
                        "_id": "3df5d49"
                      }
                    ],
                    "ekit_adv_tooltip_content": "Tooltip Content.",
                    "mf_field_input_spacing": {
                      "unit": "px",
                      "size": 0,
                      "sizes": []
                    },
                    "mf_input_label_width": {
                      "unit": "%",
                      "size": "",
                      "sizes": []
                    },
                    "mf_input_border_radius": {
                      "unit": "px",
                      "size": "",
                      "sizes": []
                    },
                    "mf_input_help_text_color": "#74788d",
                    "_margin": {
                      "unit": "px",
                      "top": "0",
                      "right": "0",
                      "bottom": "0",
                      "left": "0",
                      "isLinked": false
                    },
                    "_element_width": "auto",
                    "__globals__": {
                      "mf_input_color_hover": "globals/colors?id=secondary",
                      "mf_input_color": "globals/colors?id=secondary",
                      "mf_input_color_focus": "globals/colors?id=secondary",
                      "mf_input_label_color": "globals/colors?id=primary"
                    }
                  },
                  "elements": [],
                  "isInner": false,
                  "widgetType": "mf-calculation",
                  "elType": "widget"
                }
              ],
              "isInner": true,
              "elType": "container"
            },
            {
              "id": "53c072cc",
              "settings": {
                "content_width": "full",
                "flex_direction": "column",
                "flex_gap": {
                  "column": "30",
                  "row": "30",
                  "isLinked": true,
                  "unit": "px",
                  "size": 30
                },
                "flex_gap_tablet": {
                  "column": "24",
                  "row": "24",
                  "isLinked": true,
                  "unit": "px",
                  "size": 24
                },
                "metform_multistep_settings_title": "",
                "metform_multistep_settings_icon": {
                  "value": "",
                  "library": ""
                },
                "padding": {
                  "unit": "px",
                  "top": "0",
                  "right": "0",
                  "bottom": "0",
                  "left": "0",
                  "isLinked": false
                }
              },
              "elements": [
                {
                  "id": "1385dadc",
                  "settings": {
                    "mf_input_label": "Package Plans",
                    "mf_input_name": "package-plan-yearly",
                    "mf_input_list": [
                      {
                        "mf_input_option_text": "Personal ($35)",
                        "mf_input_option_value": "35",
                        "_id": "f672283"
                      },
                      {
                        "mf_input_option_text": "Professional ($99)",
                        "mf_input_option_value": "99",
                        "_id": "9851034"
                      },
                      {
                        "mf_input_option_text": "Agency ($199)",
                        "mf_input_option_value": "199",
                        "_id": "9423788"
                      }
                    ],
                    "mf_input_required": "yes",
                    "mf_input_label_color": "#0D1427",
                    "mf_input_label_typography_typography": "custom",
                    "mf_input_label_typography_font_family": "IBM Plex Sans",
                    "mf_input_label_typography_font_size": {
                      "unit": "px",
                      "size": 16,
                      "sizes": []
                    },
                    "mf_input_label_typography_font_weight": "500",
                    "mf_input_label_typography_line_height": {
                      "unit": "px",
                      "size": 21,
                      "sizes": []
                    },
                    "mf_input_label_margin": {
                      "unit": "px",
                      "top": "0",
                      "right": "0",
                      "bottom": "7",
                      "left": "0",
                      "isLinked": false
                    },
                    "mf_input_padding": {
                      "unit": "px",
                      "top": "15",
                      "right": "24",
                      "bottom": "17",
                      "left": "24",
                      "isLinked": false
                    },
                    "mf_input_color": "#0D1427",
                    "mf_input_border_border": "solid",
                    "mf_input_border_width": {
                      "unit": "px",
                      "top": "1",
                      "right": "1",
                      "bottom": "1",
                      "left": "1",
                      "isLinked": true
                    },
                    "mf_input_border_color": "#EAECF1",
                    "mf_input_typgraphy_typography": "custom",
                    "mf_input_typgraphy_font_family": "IBM Plex Sans",
                    "mf_input_typgraphy_font_size": {
                      "unit": "px",
                      "size": 14,
                      "sizes": []
                    },
                    "mf_input_typgraphy_font_weight": "400",
                    "mf_input_typgraphy_line_height": {
                      "unit": "px",
                      "size": 18,
                      "sizes": []
                    },
                    "mf_input_border_radius": {
                      "unit": "px",
                      "size": 6,
                      "sizes": []
                    },
                    "mf_input_box_shadow_box_shadow": {
                      "horizontal": 0,
                      "vertical": 3,
                      "blur": 5,
                      "spread": 0,
                      "color": "rgba(0,0,0,0.05)"
                    },
                    "mf_input_help_text_typography_typography": "custom",
                    "mf_input_help_text_typography_font_family": "IBM Plex Sans",
                    "mf_input_help_text_typography_font_size": {
                      "unit": "px",
                      "size": 13,
                      "sizes": []
                    },
                    "mf_input_help_text_typography_font_weight": "400",
                    "mf_input_help_text_typography_line_height": {
                      "unit": "px",
                      "size": 17,
                      "sizes": []
                    },
                    "mf_conditional_logic_form_enable": "yes",
                    "mf_conditional_logic_form_list": [
                      {
                        "mf_conditional_logic_form_if": "package-type",
                        "mf_conditional_logic_form_comparison_operators": "!=",
                        "mf_conditional_logic_form_value": "lifetime",
                        "mf_conditional_logic_form_action": "show",
                        "_id": "c6469b2"
                      }
                    ],
                    "mf_input_validation_warning_message": "This field is required.",
                    "mf_input_placeholder": "Select",
                    "mf_input_place_holder_typography_typography": "custom",
                    "mf_input_place_holder_typography_font_family": "IBM Plex Sans",
                    "mf_input_place_holder_typography_font_weight": "400",
                    "mf_input_placeholder_color": "#878991",
                    "mf_input_help_text_color": "#96989F",
                    "mf_input_background_background": "classic",
                    "mf_input_background_color": "#F6F7FA",
                    "mf_input_place_holder_typography_font_size": {
                      "unit": "px",
                      "size": 14,
                      "sizes": []
                    },
                    "mf_input_place_holder_typography_line_height": {
                      "unit": "px",
                      "size": 18,
                      "sizes": []
                    },
                    "mf_input_place_holder_typography_line_height_tablet": {
                      "unit": "px",
                      "size": "",
                      "sizes": []
                    },
                    "mf_input_place_holder_typography_line_height_mobile": {
                      "unit": "px",
                      "size": "",
                      "sizes": []
                    },
                    "_margin": {
                      "unit": "px",
                      "top": "0",
                      "right": "0",
                      "bottom": "0",
                      "left": "0",
                      "isLinked": false
                    },
                    "ekit_all_conditions_list": [
                      {
                        "_id": "d88d373"
                      }
                    ],
                    "ekit_adv_tooltip_content": "Tooltip Content.",
                    "mf_input_color_hover": "#0D1427",
                    "mf_input_background_hover_color": "#FFFFFF",
                    "mf_input_color_focus": "#0D1427",
                    "mf_input_background_focus_background": "classic",
                    "mf_input_background_focus_color": "#FFFFFF",
                    "mf_input_border_focus_border": "solid",
                    "mf_input_border_focus_color": "#D6D8E0",
                    "mf_select_options_border_radius": {
                      "unit": "px",
                      "size": 1,
                      "sizes": []
                    },
                    "mf_select_options_border_border": "solid",
                    "mf_select_options_border_width": {
                      "unit": "px",
                      "top": "0",
                      "right": "0",
                      "bottom": "0",
                      "left": "0",
                      "isLinked": true
                    },
                    "mf_select_options_box_shadow_box_shadow_type": "yes",
                    "mf_select_options_box_shadow_box_shadow": {
                      "horizontal": 0,
                      "vertical": 4,
                      "blur": 8,
                      "spread": 0,
                      "color": "rgba(0, 0, 0, 0.2)"
                    },
                    "mf_select_option_colornormal": "#0D1427",
                    "mf_select_option_backgroundnormal_background": "classic",
                    "mf_select_option_backgroundnormal_color": "#FFFFFF",
                    "mf_select_option_backgroundhover_background": "classic",
                    "mf_select_option_backgroundhover_color": "#F6F7FA",
                    "mf_select_option_coloractive": "#FFFFFF",
                    "mf_select_option_backgroundactive_background": "classic",
                    "mf_select_option_backgroundactive_color": "#3970FF"
                  },
                  "elements": [],
                  "isInner": false,
                  "widgetType": "mf-select",
                  "elType": "widget"
                },
                {
                  "id": "27942519",
                  "settings": {
                    "mf_input_label": "Package Plans",
                    "mf_input_name": "package-plan-lifetime",
                    "mf_input_list": [
                      {
                        "mf_input_option_text": "Personal ($119)",
                        "mf_input_option_value": "119",
                        "_id": "f672283"
                      },
                      {
                        "mf_input_option_text": "Professional ($199)",
                        "mf_input_option_value": "199",
                        "_id": "9851034"
                      },
                      {
                        "mf_input_option_text": "Agency ($449)",
                        "mf_input_option_value": "449",
                        "_id": "9423788"
                      }
                    ],
                    "mf_input_required": "yes",
                    "mf_input_label_color": "#0D1427",
                    "mf_input_label_typography_typography": "custom",
                    "mf_input_label_typography_font_family": "IBM Plex Sans",
                    "mf_input_label_typography_font_size": {
                      "unit": "px",
                      "size": 16,
                      "sizes": []
                    },
                    "mf_input_label_typography_font_weight": "500",
                    "mf_input_label_typography_line_height": {
                      "unit": "px",
                      "size": 21,
                      "sizes": []
                    },
                    "mf_input_label_margin": {
                      "unit": "px",
                      "top": "0",
                      "right": "0",
                      "bottom": "7",
                      "left": "0",
                      "isLinked": false
                    },
                    "mf_input_padding": {
                      "unit": "px",
                      "top": "15",
                      "right": "24",
                      "bottom": "17",
                      "left": "24",
                      "isLinked": false
                    },
                    "mf_input_color": "#0D1427",
                    "mf_input_border_border": "solid",
                    "mf_input_border_width": {
                      "unit": "px",
                      "top": "1",
                      "right": "1",
                      "bottom": "1",
                      "left": "1",
                      "isLinked": true
                    },
                    "mf_input_border_color": "#EAECF1",
                    "mf_input_typgraphy_typography": "custom",
                    "mf_input_typgraphy_font_family": "IBM Plex Sans",
                    "mf_input_typgraphy_font_size": {
                      "unit": "px",
                      "size": 14,
                      "sizes": []
                    },
                    "mf_input_typgraphy_font_weight": "400",
                    "mf_input_typgraphy_line_height": {
                      "unit": "px",
                      "size": 18,
                      "sizes": []
                    },
                    "mf_input_border_radius": {
                      "unit": "px",
                      "size": 6,
                      "sizes": []
                    },
                    "mf_input_box_shadow_box_shadow": {
                      "horizontal": 0,
                      "vertical": 3,
                      "blur": 5,
                      "spread": 0,
                      "color": "rgba(0,0,0,0.05)"
                    },
                    "mf_input_help_text_typography_typography": "custom",
                    "mf_input_help_text_typography_font_family": "IBM Plex Sans",
                    "mf_input_help_text_typography_font_size": {
                      "unit": "px",
                      "size": 13,
                      "sizes": []
                    },
                    "mf_input_help_text_typography_font_weight": "400",
                    "mf_input_help_text_typography_line_height": {
                      "unit": "px",
                      "size": 17,
                      "sizes": []
                    },
                    "mf_conditional_logic_form_enable": "yes",
                    "mf_conditional_logic_form_list": [
                      {
                        "mf_conditional_logic_form_if": "package-type",
                        "mf_conditional_logic_form_comparison_operators": "==",
                        "mf_conditional_logic_form_value": "lifetime",
                        "mf_conditional_logic_form_action": [
                          "show"
                        ],
                        "_id": "c6469b2"
                      }
                    ],
                    "mf_input_validation_warning_message": "This field is required.",
                    "mf_input_placeholder": "Select",
                    "mf_input_place_holder_typography_typography": "custom",
                    "mf_input_place_holder_typography_font_family": "IBM Plex Sans",
                    "mf_input_place_holder_typography_font_weight": "400",
                    "mf_input_placeholder_color": "#878991",
                    "mf_input_help_text_color": "#96989F",
                    "mf_input_background_background": "classic",
                    "mf_input_background_color": "#F6F7FA",
                    "mf_input_place_holder_typography_font_size": {
                      "unit": "px",
                      "size": 14,
                      "sizes": []
                    },
                    "mf_input_place_holder_typography_line_height": {
                      "unit": "px",
                      "size": 18,
                      "sizes": []
                    },
                    "mf_input_place_holder_typography_line_height_tablet": {
                      "unit": "px",
                      "size": "",
                      "sizes": []
                    },
                    "mf_input_place_holder_typography_line_height_mobile": {
                      "unit": "px",
                      "size": "",
                      "sizes": []
                    },
                    "_margin": {
                      "unit": "px",
                      "top": "0",
                      "right": "0",
                      "bottom": "0",
                      "left": "0",
                      "isLinked": false
                    },
                    "ekit_all_conditions_list": [
                      {
                        "_id": "d88d373"
                      }
                    ],
                    "ekit_adv_tooltip_content": "Tooltip Content.",
                    "mf_input_color_hover": "#0D1427",
                    "mf_input_background_hover_color": "#FFFFFF",
                    "mf_input_color_focus": "#0D1427",
                    "mf_input_background_focus_background": "classic",
                    "mf_input_background_focus_color": "#FFFFFF",
                    "mf_input_border_focus_border": "solid",
                    "mf_input_border_focus_color": "#D6D8E0",
                    "mf_select_options_border_radius": {
                      "unit": "px",
                      "size": 1,
                      "sizes": []
                    },
                    "mf_select_options_border_border": "solid",
                    "mf_select_options_border_width": {
                      "unit": "px",
                      "top": "0",
                      "right": "0",
                      "bottom": "0",
                      "left": "0",
                      "isLinked": true
                    },
                    "mf_select_options_box_shadow_box_shadow_type": "yes",
                    "mf_select_options_box_shadow_box_shadow": {
                      "horizontal": 0,
                      "vertical": 4,
                      "blur": 8,
                      "spread": 0,
                      "color": "rgba(0, 0, 0, 0.2)"
                    },
                    "mf_select_option_colornormal": "#0D1427",
                    "mf_select_option_backgroundnormal_background": "classic",
                    "mf_select_option_backgroundnormal_color": "#FFFFFF",
                    "mf_select_option_backgroundhover_background": "classic",
                    "mf_select_option_backgroundhover_color": "#F6F7FA",
                    "mf_select_option_coloractive": "#FFFFFF",
                    "mf_select_option_backgroundactive_background": "classic",
                    "mf_select_option_backgroundactive_color": "#3970FF"
                  },
                  "elements": [],
                  "isInner": false,
                  "widgetType": "mf-select",
                  "elType": "widget"
                },
                {
                  "id": "5fe5ad9a",
                  "settings": {
                    "mf_input_label": "Quantity",
                    "mf_input_name": "quantity",
                    "mf_input_placeholder": "Quantity",
                    "mf_conditional_logic_form_enable": "yes",
                    "mf_input_label_color": "#0D1427",
                    "mf_input_label_typography_typography": "custom",
                    "mf_input_label_typography_font_family": "IBM Plex Sans",
                    "mf_input_label_typography_font_size": {
                      "unit": "px",
                      "size": 16,
                      "sizes": []
                    },
                    "mf_input_label_typography_font_weight": "500",
                    "mf_input_label_typography_line_height": {
                      "unit": "px",
                      "size": 21,
                      "sizes": []
                    },
                    "mf_input_label_margin": {
                      "unit": "px",
                      "top": "0",
                      "right": "0",
                      "bottom": "7",
                      "left": "0",
                      "isLinked": false
                    },
                    "mf_input_padding": {
                      "unit": "px",
                      "top": "15",
                      "right": "24",
                      "bottom": "17",
                      "left": "24",
                      "isLinked": false
                    },
                    "mf_input_color": "#0D1427",
                    "mf_input_border_border": "solid",
                    "mf_input_border_width": {
                      "unit": "px",
                      "top": "1",
                      "right": "1",
                      "bottom": "1",
                      "left": "1",
                      "isLinked": true
                    },
                    "mf_input_border_color": "#EAECF1",
                    "mf_input_typgraphy_typography": "custom",
                    "mf_input_typgraphy_font_family": "IBM Plex Sans",
                    "mf_input_typgraphy_font_size": {
                      "unit": "px",
                      "size": 14,
                      "sizes": []
                    },
                    "mf_input_typgraphy_font_weight": "400",
                    "mf_input_typgraphy_line_height": {
                      "unit": "px",
                      "size": 18,
                      "sizes": []
                    },
                    "mf_input_border_radius": {
                      "unit": "px",
                      "size": 6,
                      "sizes": []
                    },
                    "mf_input_place_holder_typography_typography": "custom",
                    "mf_input_place_holder_typography_font_family": "IBM Plex Sans",
                    "mf_input_place_holder_typography_font_weight": "400",
                    "mf_input_placeholder_color": "#878991",
                    "mf_input_help_text_typography_typography": "custom",
                    "mf_input_help_text_typography_font_family": "IBM Plex Sans",
                    "mf_input_help_text_typography_font_size": {
                      "unit": "px",
                      "size": 13,
                      "sizes": []
                    },
                    "mf_input_help_text_typography_font_weight": "400",
                    "mf_input_help_text_typography_line_height": {
                      "unit": "px",
                      "size": 17,
                      "sizes": []
                    },
                    "mf_input_required": "yes",
                    "mf_input_validation_warning_message": "This field is required.",
                    "mf_input_help_text_color": "#96989F",
                    "mf_conditional_logic_form_list": [],
                    "mf_input_label_typography_line_height_tablet": {
                      "unit": "px",
                      "size": "",
                      "sizes": []
                    },
                    "mf_input_label_typography_line_height_mobile": {
                      "unit": "px",
                      "size": "",
                      "sizes": []
                    },
                    "mf_input_background_background": "classic",
                    "mf_input_background_color": "#F6F7FA",
                    "mf_input_background_hover_color": "#FFFFFF",
                    "mf_input_background_focus_background": "classic",
                    "mf_input_background_focus_color": "#FFFFFF",
                    "mf_input_typgraphy_line_height_tablet": {
                      "unit": "px",
                      "size": "",
                      "sizes": []
                    },
                    "mf_input_typgraphy_line_height_mobile": {
                      "unit": "px",
                      "size": "",
                      "sizes": []
                    },
                    "mf_input_typgraphy_word_spacing_tablet": {
                      "unit": "px",
                      "size": "",
                      "sizes": []
                    },
                    "mf_input_typgraphy_word_spacing_mobile": {
                      "unit": "px",
                      "size": "",
                      "sizes": []
                    },
                    "mf_input_place_holder_typography_font_size": {
                      "unit": "px",
                      "size": 14,
                      "sizes": []
                    },
                    "mf_input_place_holder_typography_line_height": {
                      "unit": "px",
                      "size": 18,
                      "sizes": []
                    },
                    "mf_input_place_holder_typography_line_height_tablet": {
                      "unit": "px",
                      "size": "",
                      "sizes": []
                    },
                    "mf_input_place_holder_typography_line_height_mobile": {
                      "unit": "px",
                      "size": "",
                      "sizes": []
                    },
                    "mf_input_help_text_typography_line_height_tablet": {
                      "unit": "px",
                      "size": "",
                      "sizes": []
                    },
                    "mf_input_help_text_typography_line_height_mobile": {
                      "unit": "px",
                      "size": "",
                      "sizes": []
                    },
                    "_margin": {
                      "unit": "px",
                      "top": "0",
                      "right": "0",
                      "bottom": "0",
                      "left": "0",
                      "isLinked": false
                    },
                    "ekit_all_conditions_list": [
                      {
                        "_id": "30812ac"
                      }
                    ],
                    "ekit_adv_tooltip_content": "Tooltip Content.",
                    "mf_input_border_focus_border": "solid",
                    "mf_input_border_focus_color": "#D6D8E0"
                  },
                  "elements": [],
                  "isInner": false,
                  "widgetType": "mf-number",
                  "elType": "widget"
                }
              ],
              "isInner": true,
              "elType": "container"
            }
          ],
          "isInner": true,
          "elType": "container"
        },
        {
          "id": "1e0ae6ee",
          "settings": {
            "mf_input_label": "Comments / Message",
            "mf_input_name": "comments",
            "mf_input_placeholder": "",
            "mf_input_required": "yes",
            "mf_input_label_color": "#0D1427",
            "mf_input_label_typography_typography": "custom",
            "mf_input_label_typography_font_family": "IBM Plex Sans",
            "mf_input_label_typography_font_size": {
              "unit": "px",
              "size": 16,
              "sizes": []
            },
            "mf_input_label_typography_font_weight": "500",
            "mf_input_label_typography_line_height": {
              "unit": "px",
              "size": 21,
              "sizes": []
            },
            "mf_input_label_margin": {
              "unit": "px",
              "top": "0",
              "right": "0",
              "bottom": "7",
              "left": "0",
              "isLinked": false
            },
            "mf_input_padding": {
              "unit": "px",
              "top": "15",
              "right": "24",
              "bottom": "15",
              "left": "24",
              "isLinked": false
            },
            "mf_input_border_border": "solid",
            "mf_input_border_width": {
              "unit": "px",
              "top": "1",
              "right": "1",
              "bottom": "1",
              "left": "1",
              "isLinked": true
            },
            "mf_input_border_color": "#EAECF1",
            "mf_input_typgraphy_typography": "custom",
            "mf_input_typgraphy_font_family": "IBM Plex Sans",
            "mf_input_typgraphy_font_size": {
              "unit": "px",
              "size": 14,
              "sizes": []
            },
            "mf_input_typgraphy_font_weight": "400",
            "mf_input_typgraphy_line_height": {
              "unit": "px",
              "size": 18,
              "sizes": []
            },
            "mf_input_border_radius": {
              "unit": "px",
              "size": 6,
              "sizes": []
            },
            "mf_input_place_holder_typography_typography": "custom",
            "mf_input_place_holder_typography_font_family": "IBM Plex Sans",
            "mf_input_place_holder_typography_font_weight": "500",
            "mf_input_placeholder_color": "#878991",
            "mf_input_help_text_typography_typography": "custom",
            "mf_input_help_text_typography_font_family": "IBM Plex Sans",
            "mf_input_help_text_typography_font_size": {
              "unit": "px",
              "size": 13,
              "sizes": []
            },
            "mf_input_help_text_typography_font_weight": "400",
            "mf_input_help_text_typography_line_height": {
              "unit": "px",
              "size": 17,
              "sizes": []
            },
            "mf_textarea_field_height": {
              "unit": "px",
              "size": 180,
              "sizes": []
            },
            "mf_input_help_text": "How may we help you? Please be brief as much as possible.",
            "mf_input_validation_warning_message": "This field is required.",
            "mf_input_help_text_color": "#96989F",
            "mf_conditional_logic_form_list": [],
            "mf_input_label_typography_line_height_tablet": {
              "unit": "px",
              "size": "",
              "sizes": []
            },
            "mf_input_label_typography_line_height_mobile": {
              "unit": "px",
              "size": "",
              "sizes": []
            },
            "mf_input_background_background": "classic",
            "mf_input_background_color": "#F6F7FA",
            "mf_input_background_hover_color": "#FFFFFF",
            "mf_input_background_focus_background": "classic",
            "mf_input_background_focus_color": "#FFFFFF",
            "mf_input_typgraphy_line_height_tablet": {
              "unit": "px",
              "size": "",
              "sizes": []
            },
            "mf_input_typgraphy_line_height_mobile": {
              "unit": "px",
              "size": "",
              "sizes": []
            },
            "mf_input_place_holder_typography_font_size": {
              "unit": "px",
              "size": 14,
              "sizes": []
            },
            "mf_input_place_holder_typography_line_height": {
              "unit": "px",
              "size": 18,
              "sizes": []
            },
            "mf_input_place_holder_typography_line_height_tablet": {
              "unit": "px",
              "size": "",
              "sizes": []
            },
            "mf_input_place_holder_typography_line_height_mobile": {
              "unit": "px",
              "size": "",
              "sizes": []
            },
            "mf_input_help_text_typography_line_height_tablet": {
              "unit": "px",
              "size": "",
              "sizes": []
            },
            "mf_input_help_text_typography_line_height_mobile": {
              "unit": "px",
              "size": "",
              "sizes": []
            },
            "_margin": {
              "unit": "px",
              "top": "0",
              "right": "0",
              "bottom": "0",
              "left": "0",
              "isLinked": false
            },
            "ekit_all_conditions_list": [
              {
                "_id": "6609fcf"
              }
            ],
            "ekit_adv_tooltip_content": "Tooltip Content.",
            "mf_input_color": "#0D1427",
            "mf_input_border_focus_border": "solid",
            "mf_input_border_focus_color": "#D6D8E0",
            "_element_width": "inherit"
          },
          "elements": [],
          "isInner": false,
          "widgetType": "mf-textarea",
          "elType": "widget"
        },
        {
          "id": "2b7a8635",
          "settings": {
            "mf_btn_text": "Submit Now",
            "mf_btn_align": "",
            "mf_btn_text_padding": {
              "unit": "px",
              "top": "17",
              "right": "28",
              "bottom": "16",
              "left": "28",
              "isLinked": false
            },
            "mf_btn_typography_typography": "custom",
            "mf_btn_typography_font_family": "Roboto",
            "mf_btn_typography_font_size": {
              "unit": "px",
              "size": 14,
              "sizes": []
            },
            "mf_btn_typography_font_weight": "500",
            "mf_btn_typography_line_height": {
              "unit": "px",
              "size": 11,
              "sizes": []
            },
            "mf_btn_bg_color_background": "classic",
            "mf_btn_bg_color_color": "#3970FF",
            "mf_btn_box_shadow_group_box_shadow_type": "yes",
            "mf_btn_box_shadow_group_box_shadow": {
              "horizontal": 0,
              "vertical": 0,
              "blur": 0,
              "spread": 0,
              "color": "rgba(0,0,0,0.5)"
            },
            "mf_conditional_logic_form_list": [],
            "mf_hidden_input": [],
            "mf_btn_typography_line_height_tablet": {
              "unit": "px",
              "size": "",
              "sizes": []
            },
            "mf_btn_typography_line_height_mobile": {
              "unit": "px",
              "size": "",
              "sizes": []
            },
            "mf_btn_text_color": "#FFFFFF",
            "mf_btn_bg_hover_color_background": "classic",
            "mf_btn_border_radius": {
              "unit": "px",
              "top": "8",
              "right": "8",
              "bottom": "8",
              "left": "8",
              "isLinked": true
            },
            "ekit_all_conditions_list": [
              {
                "_id": "eed14b8"
              }
            ],
            "ekit_adv_tooltip_content": "Tooltip Content.",
            "_box_shadow_hover_box_shadow": {
              "horizontal": 0,
              "vertical": 2,
              "blur": 4,
              "spread": 0,
              "color": "rgba(2.9999999999999996, 28.00000000000002, 90, 0.4)"
            },
            "mf_btn_hover_color": "",
            "_element_width": "auto",
            "_border_radius": {
              "unit": "px",
              "top": "8",
              "right": "8",
              "bottom": "8",
              "left": "8",
              "isLinked": true
            },
            "_box_shadow_hover_box_shadow_type": "yes",
            "_margin": {
              "unit": "px",
              "top": "0",
              "right": "0",
              "bottom": "0",
              "left": "0",
              "isLinked": false
            }
          },
          "elements": [],
          "isInner": false,
          "widgetType": "mf-button",
          "elType": "widget"
        }
      ],
      "isInner": true,
      "elType": "container"
    }
  ],
  "page_settings": [],
  "version": "0.4",
  "title": "calculation-form-2",
  "type": "page"
}