{
  "content": [
    {
      "id": "7b641819",
      "settings": {
        "box_shadow_box_shadow": {
          "horizontal": 0,
          "vertical": 30,
          "blur": 50,
          "spread": 0,
          "color": "rgba(3.0000000000000053, 12.000000000000005, 35, 0.08)"
        },
        "background_color": "#ffffff",
        "padding": {
          "unit": "px",
          "top": "29",
          "right": "50",
          "bottom": "39",
          "left": "50",
          "isLinked": false
        },
        "padding_tablet": {
          "unit": "px",
          "top": "35",
          "right": "30",
          "bottom": "35",
          "left": "30",
          "isLinked": false
        },
        "ekit_section_parallax_multi_items": [],
        "content_width": "full",
        "ekit_all_conditions_list": [
          {
            "_id": "2bde398"
          }
        ],
        "flex_direction": "column",
        "flex_align_items": "stretch",
        "flex_gap": {
          "size": 0,
          "column": "0",
          "row": "0",
          "unit": "px"
        }
      },
      "elements": [
        {
          "id": "3fcfa738",
          "settings": {
            "title": "Patient Form",
            "header_size": "h3",
            "title_color": "#0D1427",
            "typography_typography": "custom",
            "typography_font_family": "IBM Plex Sans",
            "typography_font_size": {
              "unit": "px",
              "size": 26,
              "sizes": []
            },
            "typography_font_weight": "700",
            "typography_line_height": {
              "unit": "px",
              "size": 34,
              "sizes": []
            },
            "typography_line_height_tablet": {
              "unit": "px",
              "size": "",
              "sizes": []
            },
            "typography_line_height_mobile": {
              "unit": "px",
              "size": "",
              "sizes": []
            },
            "ekit_all_conditions_list": [
              {
                "_id": "63c841d"
              }
            ],
            "ekit_adv_tooltip_content": "Tooltip Content.",
            "_margin": {
              "unit": "px",
              "top": "12",
              "right": "0",
              "bottom": "28",
              "left": "0",
              "isLinked": false
            }
          },
          "elements": [],
          "isInner": false,
          "widgetType": "heading",
          "elType": "widget"
        },
        {
          "id": "794ddb6c",
          "settings": {
            "mf_input_label": "Any problem with previous dental treatment?",
            "mf_input_name": "mf-previous-problem",
            "mf_input_display_option": "block",
            "mf_input_list": [
              {
                "mf_input_option_text": "Yes",
                "mf_input_option_value": "yes",
                "_id": "87f3be6"
              },
              {
                "mf_input_option_text": "No",
                "mf_input_option_value": "no",
                "_id": "02d4f80"
              }
            ],
            "mf_input_label_color": "#0D1427",
            "mf_input_label_typography_typography": "custom",
            "mf_input_label_typography_font_family": "IBM Plex Sans",
            "mf_input_label_typography_font_size": {
              "unit": "px",
              "size": 16,
              "sizes": []
            },
            "mf_input_label_typography_font_weight": "500",
            "mf_input_label_typography_line_height": {
              "unit": "px",
              "size": 21,
              "sizes": []
            },
            "mf_input_label_margin": {
              "unit": "px",
              "top": "0",
              "right": "0",
              "bottom": "4",
              "left": "0",
              "isLinked": false
            },
            "mf_input_required_indicator_color": "#FC2F2F",
            "mf_input_typgraphy_typography": "custom",
            "mf_input_typgraphy_font_family": "Helvetica",
            "mf_input_typgraphy_font_size": {
              "unit": "px",
              "size": 16,
              "sizes": []
            },
            "mf_input_typgraphy_line_height": {
              "unit": "px",
              "size": 15,
              "sizes": []
            },
            "mf_input_help_text_typography_typography": "custom",
            "mf_input_help_text_typography_font_family": "Helvetica",
            "mf_input_help_text_typography_font_size": {
              "unit": "px",
              "size": 12,
              "sizes": []
            },
            "mf_input_help_text_typography_font_weight": "400",
            "mf_input_help_text_typography_font_style": "italic",
            "mf_input_help_text_typography_line_height": {
              "unit": "px",
              "size": 14,
              "sizes": []
            },
            "mf_input_help_text_padding": {
              "unit": "px",
              "top": "3",
              "right": "0",
              "bottom": "0",
              "left": "0",
              "isLinked": false
            },
            "mf_input_option_color": "#54565C",
            "mf_input_option_icon_color": "#A3A9BA",
            "mf_input_required": "",
            "mf_input_typgraphy_font_weight": "400",
            "mf_input_option_padding": {
              "unit": "px",
              "top": "7",
              "right": "0",
              "bottom": "0",
              "left": "0",
              "isLinked": false
            },
            "mf_input_option_icon_horizontal_position": {
              "unit": "px",
              "size": 0,
              "sizes": []
            },
            "mf_input_typgraphy_text_typography": "custom",
            "mf_input_typgraphy_text_font_family": "IBM Plex Sans",
            "mf_input_typgraphy_text_font_size": {
              "unit": "px",
              "size": 15,
              "sizes": []
            },
            "mf_input_typgraphy_text_font_weight": "400",
            "mf_input_typgraphy_text_line_height": {
              "unit": "px",
              "size": 21,
              "sizes": []
            },
            "mf_input_validation_warning_message": "This field is required.",
            "mf_input_help_text_color": "#555555",
            "mf_conditional_logic_form_list": [],
            "mf_input_option_icon_color_checked": "#3970FF",
            "mf_input_option_space_between": {
              "unit": "px",
              "size": 21,
              "sizes": []
            },
            "_margin": {
              "unit": "px",
              "top": "0",
              "right": "0",
              "bottom": "32",
              "left": "0",
              "isLinked": false
            },
            "ekit_all_conditions_list": [
              {
                "_id": "5d95802"
              }
            ],
            "ekit_adv_tooltip_content": "Tooltip Content.",
            "mf_input_warning_text_color": "#FC2F2F",
            "__globals__": {
              "mf_input_option_icon_color_checked": "globals/colors?id=secondary",
              "mf_input_option_color": "",
              "mf_input_required_indicator_color": "",
              "mf_input_warning_text_color": ""
            },
            "_padding": {
              "unit": "px",
              "top": "0",
              "right": "30",
              "bottom": "0",
              "left": "0",
              "isLinked": false
            },
            "_padding_mobile": {
              "unit": "px",
              "top": "0",
              "right": "0",
              "bottom": "0",
              "left": "0",
              "isLinked": false
            },
            "_element_width": "initial",
            "_element_width_mobile": "inherit",
            "_element_custom_width": {
              "unit": "%",
              "size": 50,
              "sizes": []
            }
          },
          "elements": [],
          "isInner": false,
          "widgetType": "mf-radio",
          "elType": "widget"
        },
        {
          "id": "1f6c9a1",
          "settings": {
            "mf_input_label": "Any unfavorable dental experiences?",
            "mf_input_name": "mf-dental-experiences",
            "mf_input_display_option": "block",
            "mf_input_list": [
              {
                "mf_input_option_text": "Yes",
                "mf_input_option_value": "yes",
                "_id": "87f3be6"
              },
              {
                "mf_input_option_text": "No",
                "mf_input_option_value": "no",
                "_id": "02d4f80"
              }
            ],
            "mf_input_label_color": "#0D1427",
            "mf_input_label_typography_typography": "custom",
            "mf_input_label_typography_font_family": "IBM Plex Sans",
            "mf_input_label_typography_font_size": {
              "unit": "px",
              "size": 16,
              "sizes": []
            },
            "mf_input_label_typography_font_weight": "500",
            "mf_input_label_typography_line_height": {
              "unit": "px",
              "size": 21,
              "sizes": []
            },
            "mf_input_label_margin": {
              "unit": "px",
              "top": "0",
              "right": "0",
              "bottom": "4",
              "left": "0",
              "isLinked": false
            },
            "mf_input_required_indicator_color": "#FC2F2F",
            "mf_input_typgraphy_typography": "custom",
            "mf_input_typgraphy_font_family": "Helvetica",
            "mf_input_typgraphy_font_size": {
              "unit": "px",
              "size": 16,
              "sizes": []
            },
            "mf_input_typgraphy_line_height": {
              "unit": "px",
              "size": 15,
              "sizes": []
            },
            "mf_input_help_text_typography_typography": "custom",
            "mf_input_help_text_typography_font_family": "Helvetica",
            "mf_input_help_text_typography_font_size": {
              "unit": "px",
              "size": 12,
              "sizes": []
            },
            "mf_input_help_text_typography_font_weight": "400",
            "mf_input_help_text_typography_font_style": "italic",
            "mf_input_help_text_typography_line_height": {
              "unit": "px",
              "size": 14,
              "sizes": []
            },
            "mf_input_help_text_padding": {
              "unit": "px",
              "top": "3",
              "right": "0",
              "bottom": "0",
              "left": "0",
              "isLinked": false
            },
            "mf_input_option_color": "#54565C",
            "mf_input_option_icon_color": "#A3A9BA",
            "mf_input_required": "",
            "mf_input_typgraphy_font_weight": "400",
            "mf_input_option_padding": {
              "unit": "px",
              "top": "7",
              "right": "0",
              "bottom": "0",
              "left": "0",
              "isLinked": false
            },
            "mf_input_option_icon_horizontal_position": {
              "unit": "px",
              "size": 0,
              "sizes": []
            },
            "mf_input_typgraphy_text_typography": "custom",
            "mf_input_typgraphy_text_font_family": "IBM Plex Sans",
            "mf_input_typgraphy_text_font_size": {
              "unit": "px",
              "size": 15,
              "sizes": []
            },
            "mf_input_typgraphy_text_font_weight": "400",
            "mf_input_typgraphy_text_line_height": {
              "unit": "px",
              "size": 21,
              "sizes": []
            },
            "mf_input_validation_warning_message": "This field is required.",
            "mf_input_help_text_color": "#555555",
            "mf_conditional_logic_form_list": [],
            "mf_input_option_icon_color_checked": "#3970FF",
            "mf_input_option_space_between": {
              "unit": "px",
              "size": 21,
              "sizes": []
            },
            "_margin": {
              "unit": "px",
              "top": "0",
              "right": "0",
              "bottom": "32",
              "left": "0",
              "isLinked": false
            },
            "ekit_all_conditions_list": [
              {
                "_id": "5d95802"
              }
            ],
            "ekit_adv_tooltip_content": "Tooltip Content.",
            "mf_input_warning_text_color": "#FC2F2F",
            "__globals__": {
              "mf_input_option_icon_color_checked": "globals/colors?id=secondary",
              "mf_input_option_color": "",
              "mf_input_required_indicator_color": "",
              "mf_input_warning_text_color": ""
            },
            "_padding": {
              "unit": "px",
              "top": "0",
              "right": "30",
              "bottom": "0",
              "left": "0",
              "isLinked": false
            },
            "_padding_mobile": {
              "unit": "px",
              "top": "0",
              "right": "0",
              "bottom": "0",
              "left": "0",
              "isLinked": false
            },
            "_element_width": "initial",
            "_element_width_mobile": "inherit",
            "_element_custom_width": {
              "unit": "%",
              "size": 50,
              "sizes": []
            }
          },
          "elements": [],
          "isInner": false,
          "widgetType": "mf-radio",
          "elType": "widget"
        },
        {
          "id": "cab3500",
          "settings": {
            "mf_input_label": "Worried about dental treatment?",
            "mf_input_name": "mf-dental-treatment",
            "mf_input_display_option": "block",
            "mf_input_list": [
              {
                "mf_input_option_text": "Yes",
                "mf_input_option_value": "yes",
                "_id": "87f3be6"
              },
              {
                "mf_input_option_text": "No",
                "mf_input_option_value": "no",
                "_id": "02d4f80"
              }
            ],
            "mf_input_label_color": "#0D1427",
            "mf_input_label_typography_typography": "custom",
            "mf_input_label_typography_font_family": "IBM Plex Sans",
            "mf_input_label_typography_font_size": {
              "unit": "px",
              "size": 16,
              "sizes": []
            },
            "mf_input_label_typography_font_weight": "500",
            "mf_input_label_typography_line_height": {
              "unit": "px",
              "size": 21,
              "sizes": []
            },
            "mf_input_label_margin": {
              "unit": "px",
              "top": "0",
              "right": "0",
              "bottom": "4",
              "left": "0",
              "isLinked": false
            },
            "mf_input_required_indicator_color": "#FC2F2F",
            "mf_input_typgraphy_typography": "custom",
            "mf_input_typgraphy_font_family": "Helvetica",
            "mf_input_typgraphy_font_size": {
              "unit": "px",
              "size": 16,
              "sizes": []
            },
            "mf_input_typgraphy_line_height": {
              "unit": "px",
              "size": 15,
              "sizes": []
            },
            "mf_input_help_text_typography_typography": "custom",
            "mf_input_help_text_typography_font_family": "Helvetica",
            "mf_input_help_text_typography_font_size": {
              "unit": "px",
              "size": 12,
              "sizes": []
            },
            "mf_input_help_text_typography_font_weight": "400",
            "mf_input_help_text_typography_font_style": "italic",
            "mf_input_help_text_typography_line_height": {
              "unit": "px",
              "size": 14,
              "sizes": []
            },
            "mf_input_help_text_padding": {
              "unit": "px",
              "top": "3",
              "right": "0",
              "bottom": "0",
              "left": "0",
              "isLinked": false
            },
            "mf_input_option_color": "#54565C",
            "mf_input_option_icon_color": "#A3A9BA",
            "mf_input_required": "",
            "mf_input_typgraphy_font_weight": "400",
            "mf_input_option_padding": {
              "unit": "px",
              "top": "7",
              "right": "0",
              "bottom": "0",
              "left": "0",
              "isLinked": false
            },
            "mf_input_option_icon_horizontal_position": {
              "unit": "px",
              "size": 0,
              "sizes": []
            },
            "mf_input_typgraphy_text_typography": "custom",
            "mf_input_typgraphy_text_font_family": "IBM Plex Sans",
            "mf_input_typgraphy_text_font_size": {
              "unit": "px",
              "size": 15,
              "sizes": []
            },
            "mf_input_typgraphy_text_font_weight": "400",
            "mf_input_typgraphy_text_line_height": {
              "unit": "px",
              "size": 21,
              "sizes": []
            },
            "mf_input_validation_warning_message": "This field is required.",
            "mf_input_help_text_color": "#555555",
            "mf_conditional_logic_form_list": [],
            "mf_input_option_icon_color_checked": "#3970FF",
            "mf_input_option_space_between": {
              "unit": "px",
              "size": 21,
              "sizes": []
            },
            "_margin": {
              "unit": "px",
              "top": "0",
              "right": "0",
              "bottom": "32",
              "left": "0",
              "isLinked": false
            },
            "ekit_all_conditions_list": [
              {
                "_id": "5d95802"
              }
            ],
            "ekit_adv_tooltip_content": "Tooltip Content.",
            "mf_input_warning_text_color": "#FC2F2F",
            "__globals__": {
              "mf_input_option_icon_color_checked": "globals/colors?id=secondary",
              "mf_input_option_color": "",
              "mf_input_required_indicator_color": "",
              "mf_input_warning_text_color": ""
            },
            "_padding": {
              "unit": "px",
              "top": "0",
              "right": "30",
              "bottom": "0",
              "left": "0",
              "isLinked": false
            },
            "_padding_mobile": {
              "unit": "px",
              "top": "0",
              "right": "0",
              "bottom": "0",
              "left": "0",
              "isLinked": false
            },
            "_element_width": "initial",
            "_element_width_mobile": "inherit",
            "_element_custom_width": {
              "unit": "%",
              "size": 50,
              "sizes": []
            }
          },
          "elements": [],
          "isInner": false,
          "widgetType": "mf-radio",
          "elType": "widget"
        },
        {
          "id": "5a5b872b",
          "settings": {
            "mf_input_label": "Do you gag easily?",
            "mf_input_name": "mf-gag-easily",
            "mf_input_display_option": "block",
            "mf_input_list": [
              {
                "mf_input_option_text": "Yes",
                "mf_input_option_value": "yes",
                "_id": "87f3be6"
              },
              {
                "mf_input_option_text": "No",
                "mf_input_option_value": "no",
                "_id": "02d4f80"
              }
            ],
            "mf_input_label_color": "#0D1427",
            "mf_input_label_typography_typography": "custom",
            "mf_input_label_typography_font_family": "IBM Plex Sans",
            "mf_input_label_typography_font_size": {
              "unit": "px",
              "size": 16,
              "sizes": []
            },
            "mf_input_label_typography_font_weight": "500",
            "mf_input_label_typography_line_height": {
              "unit": "px",
              "size": 21,
              "sizes": []
            },
            "mf_input_label_margin": {
              "unit": "px",
              "top": "0",
              "right": "0",
              "bottom": "4",
              "left": "0",
              "isLinked": false
            },
            "mf_input_required_indicator_color": "#FC2F2F",
            "mf_input_typgraphy_typography": "custom",
            "mf_input_typgraphy_font_family": "Helvetica",
            "mf_input_typgraphy_font_size": {
              "unit": "px",
              "size": 16,
              "sizes": []
            },
            "mf_input_typgraphy_line_height": {
              "unit": "px",
              "size": 15,
              "sizes": []
            },
            "mf_input_help_text_typography_typography": "custom",
            "mf_input_help_text_typography_font_family": "Helvetica",
            "mf_input_help_text_typography_font_size": {
              "unit": "px",
              "size": 12,
              "sizes": []
            },
            "mf_input_help_text_typography_font_weight": "400",
            "mf_input_help_text_typography_font_style": "italic",
            "mf_input_help_text_typography_line_height": {
              "unit": "px",
              "size": 14,
              "sizes": []
            },
            "mf_input_help_text_padding": {
              "unit": "px",
              "top": "3",
              "right": "0",
              "bottom": "0",
              "left": "0",
              "isLinked": false
            },
            "mf_input_option_color": "#54565C",
            "mf_input_option_icon_color": "#A3A9BA",
            "mf_input_required": "",
            "mf_input_typgraphy_font_weight": "400",
            "mf_input_option_padding": {
              "unit": "px",
              "top": "7",
              "right": "0",
              "bottom": "0",
              "left": "0",
              "isLinked": false
            },
            "mf_input_option_icon_horizontal_position": {
              "unit": "px",
              "size": 0,
              "sizes": []
            },
            "mf_input_typgraphy_text_typography": "custom",
            "mf_input_typgraphy_text_font_family": "IBM Plex Sans",
            "mf_input_typgraphy_text_font_size": {
              "unit": "px",
              "size": 15,
              "sizes": []
            },
            "mf_input_typgraphy_text_font_weight": "400",
            "mf_input_typgraphy_text_line_height": {
              "unit": "px",
              "size": 21,
              "sizes": []
            },
            "mf_input_validation_warning_message": "This field is required.",
            "mf_input_help_text_color": "#555555",
            "mf_conditional_logic_form_list": [],
            "mf_input_option_icon_color_checked": "#3970FF",
            "mf_input_option_space_between": {
              "unit": "px",
              "size": 21,
              "sizes": []
            },
            "_margin": {
              "unit": "px",
              "top": "0",
              "right": "0",
              "bottom": "32",
              "left": "0",
              "isLinked": false
            },
            "ekit_all_conditions_list": [
              {
                "_id": "5d95802"
              }
            ],
            "ekit_adv_tooltip_content": "Tooltip Content.",
            "mf_input_warning_text_color": "#FC2F2F",
            "__globals__": {
              "mf_input_option_icon_color_checked": "globals/colors?id=secondary",
              "mf_input_option_color": "",
              "mf_input_required_indicator_color": "",
              "mf_input_warning_text_color": ""
            },
            "_padding": {
              "unit": "px",
              "top": "0",
              "right": "30",
              "bottom": "0",
              "left": "0",
              "isLinked": false
            },
            "_padding_mobile": {
              "unit": "px",
              "top": "0",
              "right": "0",
              "bottom": "0",
              "left": "0",
              "isLinked": false
            },
            "_element_width": "initial",
            "_element_width_mobile": "inherit",
            "_element_custom_width": {
              "unit": "%",
              "size": 50,
              "sizes": []
            }
          },
          "elements": [],
          "isInner": false,
          "widgetType": "mf-radio",
          "elType": "widget"
        },
        {
          "id": "5ade356c",
          "settings": {
            "mf_input_label": "When was your last dental cleaning?",
            "mf_input_name": "mf-last-cleaning",
            "mf_input_placeholder": "MM-DD-YYYY",
            "mf_input_label_color": "#0D1427",
            "mf_input_label_typography_typography": "custom",
            "mf_input_label_typography_font_family": "IBM Plex Sans",
            "mf_input_label_typography_font_size": {
              "unit": "px",
              "size": 16,
              "sizes": []
            },
            "mf_input_label_typography_font_weight": "500",
            "mf_input_label_typography_line_height": {
              "unit": "px",
              "size": 21,
              "sizes": []
            },
            "mf_input_label_margin": {
              "unit": "px",
              "top": "0",
              "right": "0",
              "bottom": "7",
              "left": "0",
              "isLinked": false
            },
            "mf_input_padding": {
              "unit": "px",
              "top": "15",
              "right": "24",
              "bottom": "17",
              "left": "24",
              "isLinked": false
            },
            "mf_input_color": "#0D1427",
            "mf_input_border_border": "solid",
            "mf_input_border_width": {
              "unit": "px",
              "top": "1",
              "right": "1",
              "bottom": "1",
              "left": "1",
              "isLinked": true
            },
            "mf_input_border_color": "#EAECF1",
            "mf_input_typgraphy_typography": "custom",
            "mf_input_typgraphy_font_family": "IBM Plex Sans",
            "mf_input_typgraphy_font_size": {
              "unit": "px",
              "size": 14,
              "sizes": []
            },
            "mf_input_typgraphy_font_weight": "400",
            "mf_input_typgraphy_line_height": {
              "unit": "px",
              "size": 18,
              "sizes": []
            },
            "mf_input_border_radius": {
              "unit": "px",
              "size": 6,
              "sizes": []
            },
            "mf_input_help_text_typography_typography": "custom",
            "mf_input_help_text_typography_font_family": "IBM Plex Sans",
            "mf_input_help_text_typography_font_size": {
              "unit": "px",
              "size": 13,
              "sizes": []
            },
            "mf_input_help_text_typography_font_weight": "400",
            "mf_input_help_text_typography_line_height": {
              "unit": "px",
              "size": 17,
              "sizes": []
            },
            "mf_input_validation_warning_message": "This field is required.",
            "mf_input_place_holder_typography_typography": "custom",
            "mf_input_place_holder_typography_font_family": "IBM Plex Sans",
            "mf_input_place_holder_typography_font_weight": "400",
            "mf_input_placeholder_color": "#878991",
            "mf_input_help_text_color": "#96989F",
            "mf_input_disable_date_list": [],
            "mf_conditional_logic_form_list": [],
            "mf_input_label_typography_line_height_tablet": {
              "unit": "px",
              "size": "",
              "sizes": []
            },
            "mf_input_label_typography_line_height_mobile": {
              "unit": "px",
              "size": "",
              "sizes": []
            },
            "mf_input_background_background": "classic",
            "mf_input_background_color": "#F6F7FA",
            "mf_input_background_hover_color": "#FFFFFF",
            "mf_input_background_focus_background": "classic",
            "mf_input_background_focus_color": "#FFFFFF",
            "mf_input_border_focus_border": "solid",
            "mf_input_border_focus_color": "#D6D8E0",
            "mf_input_typgraphy_line_height_tablet": {
              "unit": "px",
              "size": "",
              "sizes": []
            },
            "mf_input_typgraphy_line_height_mobile": {
              "unit": "px",
              "size": "",
              "sizes": []
            },
            "mf_input_typgraphy_word_spacing_tablet": {
              "unit": "px",
              "size": "",
              "sizes": []
            },
            "mf_input_typgraphy_word_spacing_mobile": {
              "unit": "px",
              "size": "",
              "sizes": []
            },
            "mf_input_place_holder_typography_font_size": {
              "unit": "px",
              "size": 14,
              "sizes": []
            },
            "mf_input_place_holder_typography_line_height": {
              "unit": "px",
              "size": 18,
              "sizes": []
            },
            "mf_input_place_holder_typography_line_height_tablet": {
              "unit": "px",
              "size": "",
              "sizes": []
            },
            "mf_input_place_holder_typography_line_height_mobile": {
              "unit": "px",
              "size": "",
              "sizes": []
            },
            "mf_input_help_text_typography_line_height_tablet": {
              "unit": "px",
              "size": "",
              "sizes": []
            },
            "mf_input_help_text_typography_line_height_mobile": {
              "unit": "px",
              "size": "",
              "sizes": []
            },
            "_margin": {
              "unit": "px",
              "top": "0",
              "right": "0",
              "bottom": "25",
              "left": "0",
              "isLinked": false
            },
            "ekit_all_conditions_list": [
              {
                "_id": "30812ac"
              }
            ],
            "ekit_adv_tooltip_content": "Tooltip Content.",
            "mf_input_required": ""
          },
          "elements": [],
          "isInner": false,
          "widgetType": "mf-date",
          "elType": "widget"
        },
        {
          "id": "4565f92d",
          "settings": {
            "mf_input_label": "When was your last dental visit?",
            "mf_input_name": "mf-last-visit",
            "mf_input_placeholder": "MM-DD-YYYY",
            "mf_input_label_color": "#0D1427",
            "mf_input_label_typography_typography": "custom",
            "mf_input_label_typography_font_family": "IBM Plex Sans",
            "mf_input_label_typography_font_size": {
              "unit": "px",
              "size": 16,
              "sizes": []
            },
            "mf_input_label_typography_font_weight": "500",
            "mf_input_label_typography_line_height": {
              "unit": "px",
              "size": 21,
              "sizes": []
            },
            "mf_input_label_margin": {
              "unit": "px",
              "top": "0",
              "right": "0",
              "bottom": "7",
              "left": "0",
              "isLinked": false
            },
            "mf_input_padding": {
              "unit": "px",
              "top": "15",
              "right": "24",
              "bottom": "17",
              "left": "24",
              "isLinked": false
            },
            "mf_input_color": "#0D1427",
            "mf_input_border_border": "solid",
            "mf_input_border_width": {
              "unit": "px",
              "top": "1",
              "right": "1",
              "bottom": "1",
              "left": "1",
              "isLinked": true
            },
            "mf_input_border_color": "#EAECF1",
            "mf_input_typgraphy_typography": "custom",
            "mf_input_typgraphy_font_family": "IBM Plex Sans",
            "mf_input_typgraphy_font_size": {
              "unit": "px",
              "size": 14,
              "sizes": []
            },
            "mf_input_typgraphy_font_weight": "400",
            "mf_input_typgraphy_line_height": {
              "unit": "px",
              "size": 18,
              "sizes": []
            },
            "mf_input_border_radius": {
              "unit": "px",
              "size": 6,
              "sizes": []
            },
            "mf_input_help_text_typography_typography": "custom",
            "mf_input_help_text_typography_font_family": "IBM Plex Sans",
            "mf_input_help_text_typography_font_size": {
              "unit": "px",
              "size": 13,
              "sizes": []
            },
            "mf_input_help_text_typography_font_weight": "400",
            "mf_input_help_text_typography_line_height": {
              "unit": "px",
              "size": 17,
              "sizes": []
            },
            "mf_input_validation_warning_message": "This field is required.",
            "mf_input_place_holder_typography_typography": "custom",
            "mf_input_place_holder_typography_font_family": "IBM Plex Sans",
            "mf_input_place_holder_typography_font_weight": "400",
            "mf_input_placeholder_color": "#878991",
            "mf_input_help_text_color": "#96989F",
            "mf_input_disable_date_list": [],
            "mf_conditional_logic_form_list": [],
            "mf_input_label_typography_line_height_tablet": {
              "unit": "px",
              "size": "",
              "sizes": []
            },
            "mf_input_label_typography_line_height_mobile": {
              "unit": "px",
              "size": "",
              "sizes": []
            },
            "mf_input_background_background": "classic",
            "mf_input_background_color": "#F6F7FA",
            "mf_input_background_hover_color": "#FFFFFF",
            "mf_input_background_focus_background": "classic",
            "mf_input_background_focus_color": "#FFFFFF",
            "mf_input_border_focus_border": "solid",
            "mf_input_border_focus_color": "#D6D8E0",
            "mf_input_typgraphy_line_height_tablet": {
              "unit": "px",
              "size": "",
              "sizes": []
            },
            "mf_input_typgraphy_line_height_mobile": {
              "unit": "px",
              "size": "",
              "sizes": []
            },
            "mf_input_typgraphy_word_spacing_tablet": {
              "unit": "px",
              "size": "",
              "sizes": []
            },
            "mf_input_typgraphy_word_spacing_mobile": {
              "unit": "px",
              "size": "",
              "sizes": []
            },
            "mf_input_place_holder_typography_font_size": {
              "unit": "px",
              "size": 14,
              "sizes": []
            },
            "mf_input_place_holder_typography_line_height": {
              "unit": "px",
              "size": 18,
              "sizes": []
            },
            "mf_input_place_holder_typography_line_height_tablet": {
              "unit": "px",
              "size": "",
              "sizes": []
            },
            "mf_input_place_holder_typography_line_height_mobile": {
              "unit": "px",
              "size": "",
              "sizes": []
            },
            "mf_input_help_text_typography_line_height_tablet": {
              "unit": "px",
              "size": "",
              "sizes": []
            },
            "mf_input_help_text_typography_line_height_mobile": {
              "unit": "px",
              "size": "",
              "sizes": []
            },
            "_margin": {
              "unit": "px",
              "top": "0",
              "right": "0",
              "bottom": "25",
              "left": "0",
              "isLinked": false
            },
            "ekit_all_conditions_list": [
              {
                "_id": "30812ac"
              }
            ],
            "ekit_adv_tooltip_content": "Tooltip Content.",
            "mf_input_required": ""
          },
          "elements": [],
          "isInner": false,
          "widgetType": "mf-date",
          "elType": "widget"
        },
        {
          "id": "31ea28a7",
          "settings": {
            "mf_input_label": "How can we accommodate you better during your dental visit?",
            "mf_input_name": "mf-accommodate",
            "mf_input_placeholder": "",
            "mf_input_label_color": "#0D1427",
            "mf_input_label_typography_typography": "custom",
            "mf_input_label_typography_font_family": "IBM Plex Sans",
            "mf_input_label_typography_font_size": {
              "unit": "px",
              "size": 16,
              "sizes": []
            },
            "mf_input_label_typography_font_weight": "500",
            "mf_input_label_typography_line_height": {
              "unit": "px",
              "size": 21,
              "sizes": []
            },
            "mf_input_label_margin": {
              "unit": "px",
              "top": "0",
              "right": "0",
              "bottom": "7",
              "left": "0",
              "isLinked": false
            },
            "mf_input_padding": {
              "unit": "px",
              "top": "15",
              "right": "24",
              "bottom": "17",
              "left": "24",
              "isLinked": false
            },
            "mf_input_color": "#0D1427",
            "mf_input_border_border": "solid",
            "mf_input_border_width": {
              "unit": "px",
              "top": "1",
              "right": "1",
              "bottom": "1",
              "left": "1",
              "isLinked": true
            },
            "mf_input_border_color": "#EAECF1",
            "mf_input_typgraphy_typography": "custom",
            "mf_input_typgraphy_font_family": "IBM Plex Sans",
            "mf_input_typgraphy_font_size": {
              "unit": "px",
              "size": 14,
              "sizes": []
            },
            "mf_input_typgraphy_font_weight": "400",
            "mf_input_typgraphy_line_height": {
              "unit": "px",
              "size": 18,
              "sizes": []
            },
            "mf_input_border_radius": {
              "unit": "px",
              "size": 6,
              "sizes": []
            },
            "mf_input_place_holder_typography_typography": "custom",
            "mf_input_place_holder_typography_font_family": "IBM Plex Sans",
            "mf_input_place_holder_typography_font_weight": "400",
            "mf_input_placeholder_color": "#878991",
            "mf_input_help_text_typography_typography": "custom",
            "mf_input_help_text_typography_font_family": "IBM Plex Sans",
            "mf_input_help_text_typography_font_size": {
              "unit": "px",
              "size": 13,
              "sizes": []
            },
            "mf_input_help_text_typography_font_weight": "400",
            "mf_input_help_text_typography_line_height": {
              "unit": "px",
              "size": 17,
              "sizes": []
            },
            "mf_input_required": "",
            "mf_input_validation_warning_message": "This field is required.",
            "mf_input_help_text_color": "#96989F",
            "mf_conditional_logic_form_list": [],
            "mf_input_label_typography_line_height_tablet": {
              "unit": "px",
              "size": "",
              "sizes": []
            },
            "mf_input_label_typography_line_height_mobile": {
              "unit": "px",
              "size": "",
              "sizes": []
            },
            "mf_input_background_background": "classic",
            "mf_input_background_color": "#F6F7FA",
            "mf_input_background_hover_color": "#FFFFFF",
            "mf_input_background_focus_background": "classic",
            "mf_input_background_focus_color": "#FFFFFF",
            "mf_input_border_focus_border": "solid",
            "mf_input_border_focus_color": "#D6D8E0",
            "mf_input_typgraphy_line_height_tablet": {
              "unit": "px",
              "size": "",
              "sizes": []
            },
            "mf_input_typgraphy_line_height_mobile": {
              "unit": "px",
              "size": "",
              "sizes": []
            },
            "mf_input_typgraphy_word_spacing_tablet": {
              "unit": "px",
              "size": "",
              "sizes": []
            },
            "mf_input_typgraphy_word_spacing_mobile": {
              "unit": "px",
              "size": "",
              "sizes": []
            },
            "mf_input_place_holder_typography_font_size": {
              "unit": "px",
              "size": 14,
              "sizes": []
            },
            "mf_input_place_holder_typography_line_height": {
              "unit": "px",
              "size": 18,
              "sizes": []
            },
            "mf_input_place_holder_typography_line_height_tablet": {
              "unit": "px",
              "size": "",
              "sizes": []
            },
            "mf_input_place_holder_typography_line_height_mobile": {
              "unit": "px",
              "size": "",
              "sizes": []
            },
            "mf_input_help_text_typography_line_height_tablet": {
              "unit": "px",
              "size": "",
              "sizes": []
            },
            "mf_input_help_text_typography_line_height_mobile": {
              "unit": "px",
              "size": "",
              "sizes": []
            },
            "_margin": {
              "unit": "px",
              "top": "0",
              "right": "0",
              "bottom": "25",
              "left": "0",
              "isLinked": false
            },
            "ekit_all_conditions_list": [
              {
                "_id": "30812ac"
              }
            ],
            "ekit_adv_tooltip_content": "Tooltip Content."
          },
          "elements": [],
          "isInner": false,
          "widgetType": "mf-text",
          "elType": "widget"
        },
        {
          "id": "2d97ba19",
          "settings": {
            "mf_input_label": "Is there any specific service and/or concern you would like to inquire about?",
            "mf_input_name": "mf-inquiry",
            "mf_input_placeholder": "",
            "mf_input_label_color": "#0D1427",
            "mf_input_label_typography_typography": "custom",
            "mf_input_label_typography_font_family": "IBM Plex Sans",
            "mf_input_label_typography_font_size": {
              "unit": "px",
              "size": 16,
              "sizes": []
            },
            "mf_input_label_typography_font_weight": "500",
            "mf_input_label_typography_line_height": {
              "unit": "px",
              "size": 21,
              "sizes": []
            },
            "mf_input_label_margin": {
              "unit": "px",
              "top": "0",
              "right": "0",
              "bottom": "7",
              "left": "0",
              "isLinked": false
            },
            "mf_input_padding": {
              "unit": "px",
              "top": "15",
              "right": "24",
              "bottom": "17",
              "left": "24",
              "isLinked": false
            },
            "mf_input_color": "#0D1427",
            "mf_input_border_border": "solid",
            "mf_input_border_width": {
              "unit": "px",
              "top": "1",
              "right": "1",
              "bottom": "1",
              "left": "1",
              "isLinked": true
            },
            "mf_input_border_color": "#EAECF1",
            "mf_input_typgraphy_typography": "custom",
            "mf_input_typgraphy_font_family": "IBM Plex Sans",
            "mf_input_typgraphy_font_size": {
              "unit": "px",
              "size": 14,
              "sizes": []
            },
            "mf_input_typgraphy_font_weight": "400",
            "mf_input_typgraphy_line_height": {
              "unit": "px",
              "size": 18,
              "sizes": []
            },
            "mf_input_border_radius": {
              "unit": "px",
              "size": 6,
              "sizes": []
            },
            "mf_input_place_holder_typography_typography": "custom",
            "mf_input_place_holder_typography_font_family": "IBM Plex Sans",
            "mf_input_place_holder_typography_font_weight": "400",
            "mf_input_placeholder_color": "#878991",
            "mf_input_help_text_typography_typography": "custom",
            "mf_input_help_text_typography_font_family": "IBM Plex Sans",
            "mf_input_help_text_typography_font_size": {
              "unit": "px",
              "size": 13,
              "sizes": []
            },
            "mf_input_help_text_typography_font_weight": "400",
            "mf_input_help_text_typography_line_height": {
              "unit": "px",
              "size": 17,
              "sizes": []
            },
            "mf_input_required": "",
            "mf_input_validation_warning_message": "This field is required.",
            "mf_input_help_text_color": "#96989F",
            "mf_conditional_logic_form_list": [],
            "mf_input_label_typography_line_height_tablet": {
              "unit": "px",
              "size": "",
              "sizes": []
            },
            "mf_input_label_typography_line_height_mobile": {
              "unit": "px",
              "size": "",
              "sizes": []
            },
            "mf_input_background_background": "classic",
            "mf_input_background_color": "#F6F7FA",
            "mf_input_background_hover_color": "#FFFFFF",
            "mf_input_background_focus_background": "classic",
            "mf_input_background_focus_color": "#FFFFFF",
            "mf_input_border_focus_border": "solid",
            "mf_input_border_focus_color": "#D6D8E0",
            "mf_input_typgraphy_line_height_tablet": {
              "unit": "px",
              "size": "",
              "sizes": []
            },
            "mf_input_typgraphy_line_height_mobile": {
              "unit": "px",
              "size": "",
              "sizes": []
            },
            "mf_input_typgraphy_word_spacing_tablet": {
              "unit": "px",
              "size": "",
              "sizes": []
            },
            "mf_input_typgraphy_word_spacing_mobile": {
              "unit": "px",
              "size": "",
              "sizes": []
            },
            "mf_input_place_holder_typography_font_size": {
              "unit": "px",
              "size": 14,
              "sizes": []
            },
            "mf_input_place_holder_typography_line_height": {
              "unit": "px",
              "size": 18,
              "sizes": []
            },
            "mf_input_place_holder_typography_line_height_tablet": {
              "unit": "px",
              "size": "",
              "sizes": []
            },
            "mf_input_place_holder_typography_line_height_mobile": {
              "unit": "px",
              "size": "",
              "sizes": []
            },
            "mf_input_help_text_typography_line_height_tablet": {
              "unit": "px",
              "size": "",
              "sizes": []
            },
            "mf_input_help_text_typography_line_height_mobile": {
              "unit": "px",
              "size": "",
              "sizes": []
            },
            "_margin": {
              "unit": "px",
              "top": "0",
              "right": "0",
              "bottom": "25",
              "left": "0",
              "isLinked": false
            },
            "ekit_all_conditions_list": [
              {
                "_id": "30812ac"
              }
            ],
            "ekit_adv_tooltip_content": "Tooltip Content."
          },
          "elements": [],
          "isInner": false,
          "widgetType": "mf-text",
          "elType": "widget"
        },
        {
          "id": "16f66698",
          "settings": {
            "mf_input_label": "Mobile",
            "mf_input_name": "mf-mobile",
            "mf_input_validation_warning_message": "This field is required.",
            "mf_conditional_logic_form_list": [],
            "mf_input_label_color": "#0D1427",
            "mf_input_label_typography_typography": "custom",
            "mf_input_label_typography_font_family": "IBM Plex Sans",
            "mf_input_label_typography_font_size": {
              "unit": "px",
              "size": 16,
              "sizes": []
            },
            "mf_input_label_typography_font_weight": "500",
            "mf_input_label_typography_line_height": {
              "unit": "px",
              "size": 21,
              "sizes": []
            },
            "mf_input_label_margin": {
              "unit": "px",
              "top": "0",
              "right": "0",
              "bottom": "7",
              "left": "0",
              "isLinked": false
            },
            "mf_input_padding": {
              "unit": "px",
              "top": "15",
              "right": "24",
              "bottom": "17",
              "left": "24",
              "isLinked": false
            },
            "mf_input_color": "#0D1427",
            "mf_input_border_border": "solid",
            "mf_input_border_width": {
              "unit": "px",
              "top": "1",
              "right": "1",
              "bottom": "1",
              "left": "1",
              "isLinked": true
            },
            "mf_input_border_color": "#EAECF1",
            "mf_input_typgraphy_typography": "custom",
            "mf_input_typgraphy_font_family": "IBM Plex Sans",
            "mf_input_typgraphy_font_size": {
              "unit": "px",
              "size": 14,
              "sizes": []
            },
            "mf_input_typgraphy_font_weight": "400",
            "mf_input_typgraphy_line_height": {
              "unit": "px",
              "size": 18,
              "sizes": []
            },
            "mf_input_border_radius": {
              "unit": "px",
              "size": 6,
              "sizes": []
            },
            "mf_input_place_holder_typography_typography": "custom",
            "mf_input_place_holder_typography_font_family": "Helvetica",
            "mf_input_place_holder_typography_font_weight": "400",
            "mf_input_placeholder_color": "#999999",
            "mf_input_help_text_typography_typography": "custom",
            "mf_input_help_text_typography_font_family": "IBM Plex Sans",
            "mf_input_help_text_typography_font_size": {
              "unit": "px",
              "size": 13,
              "sizes": []
            },
            "mf_input_help_text_typography_font_weight": "400",
            "mf_input_help_text_typography_line_height": {
              "unit": "px",
              "size": 17,
              "sizes": []
            },
            "mf_input_help_text_color": "#96989F",
            "mf_input_label_typography_line_height_tablet": {
              "unit": "px",
              "size": "",
              "sizes": []
            },
            "mf_input_label_typography_line_height_mobile": {
              "unit": "px",
              "size": "",
              "sizes": []
            },
            "mf_input_background_background": "classic",
            "mf_input_background_color": "#F6F7FA",
            "mf_input_background_hover_color": "#FFFFFF",
            "mf_input_background_focus_background": "classic",
            "mf_input_background_focus_color": "#FFFFFF",
            "mf_input_border_focus_border": "solid",
            "mf_input_border_focus_color": "#D6D8E0",
            "mf_input_typgraphy_line_height_tablet": {
              "unit": "px",
              "size": "",
              "sizes": []
            },
            "mf_input_typgraphy_line_height_mobile": {
              "unit": "px",
              "size": "",
              "sizes": []
            },
            "mf_input_typgraphy_word_spacing_tablet": {
              "unit": "px",
              "size": "",
              "sizes": []
            },
            "mf_input_typgraphy_word_spacing_mobile": {
              "unit": "px",
              "size": "",
              "sizes": []
            },
            "mf_input_help_text_typography_line_height_tablet": {
              "unit": "px",
              "size": "",
              "sizes": []
            },
            "mf_input_help_text_typography_line_height_mobile": {
              "unit": "px",
              "size": "",
              "sizes": []
            },
            "_margin": {
              "unit": "px",
              "top": "0",
              "right": "0",
              "bottom": "30",
              "left": "0",
              "isLinked": false
            },
            "ekit_all_conditions_list": [
              {
                "_id": "30812ac"
              }
            ],
            "ekit_adv_tooltip_content": "Tooltip Content.",
            "mf_input_required": ""
          },
          "elements": [],
          "isInner": false,
          "widgetType": "mf-mobile",
          "elType": "widget"
        },
        {
          "id": "3fed26f6",
          "settings": {
            "mf_btn_text": "Submit Query",
            "mf_btn_align": "",
            "mf_btn_text_padding": {
              "unit": "px",
              "top": "17",
              "right": "28",
              "bottom": "16",
              "left": "28",
              "isLinked": false
            },
            "mf_btn_typography_typography": "custom",
            "mf_btn_typography_font_family": "Roboto",
            "mf_btn_typography_font_size": {
              "unit": "px",
              "size": 14,
              "sizes": []
            },
            "mf_btn_typography_font_weight": "500",
            "mf_btn_typography_line_height": {
              "unit": "px",
              "size": 11,
              "sizes": []
            },
            "mf_btn_bg_color_background": "classic",
            "mf_btn_bg_color_color": "#3970FF",
            "mf_btn_box_shadow_group_box_shadow_type": "yes",
            "mf_btn_box_shadow_group_box_shadow": {
              "horizontal": 0,
              "vertical": 0,
              "blur": 0,
              "spread": 0,
              "color": "rgba(0,0,0,0.5)"
            },
            "mf_conditional_logic_form_list": [],
            "mf_hidden_input": [],
            "mf_btn_typography_line_height_tablet": {
              "unit": "px",
              "size": "",
              "sizes": []
            },
            "mf_btn_typography_line_height_mobile": {
              "unit": "px",
              "size": "",
              "sizes": []
            },
            "mf_btn_text_color": "#FFFFFF",
            "mf_btn_hover_color": "",
            "mf_btn_bg_hover_color_background": "classic",
            "mf_btn_border_radius": {
              "unit": "px",
              "top": "8",
              "right": "8",
              "bottom": "8",
              "left": "8",
              "isLinked": true
            },
            "_element_width": "auto",
            "ekit_all_conditions_list": [
              {
                "_id": "eed14b8"
              }
            ],
            "ekit_adv_tooltip_content": "Tooltip Content.",
            "_border_radius": {
              "unit": "px",
              "top": "8",
              "right": "8",
              "bottom": "8",
              "left": "8",
              "isLinked": true
            },
            "_box_shadow_hover_box_shadow_type": "yes",
            "_box_shadow_hover_box_shadow": {
              "horizontal": 0,
              "vertical": 2,
              "blur": 4,
              "spread": 0,
              "color": "rgba(2.9999999999999996, 28.00000000000002, 90, 0.4)"
            },
            "_margin": {
              "unit": "px",
              "top": "0",
              "right": "0",
              "bottom": "11",
              "left": "0",
              "isLinked": false
            }
          },
          "elements": [],
          "isInner": false,
          "widgetType": "mf-button",
          "elType": "widget"
        }
      ],
      "isInner": false,
      "elType": "container"
    }
  ],
  "page_settings": [],
  "version": "0.4",
  "title": "patient form",
  "type": "page"
}