{
  "content": [
    {
      "id": "296a1c7d",
      "settings": {
        "flex_gap": {
          "size": 0,
          "column": "0",
          "row": "0",
          "unit": "px"
        },
        "box_shadow_box_shadow": {
          "horizontal": 30,
          "vertical": 30,
          "blur": 80,
          "spread": 0,
          "color": "rgba(0,0,0,0.1)"
        },
        "background_background": "classic",
        "background_color": "#ffffff",
        "border_radius": {
          "unit": "px",
          "top": "5",
          "right": "5",
          "bottom": "5",
          "left": "5",
          "isLinked": true
        },
        "box_shadow_box_shadow_type": "yes",
        "padding": {
          "unit": "px",
          "top": "43",
          "right": "35",
          "bottom": "50",
          "left": "35",
          "isLinked": false
        },
        "padding_tablet": {
          "unit": "px",
          "top": "35",
          "right": "30",
          "bottom": "35",
          "left": "30",
          "isLinked": false
        },
        "ekit_all_conditions_list": [
          {
            "_id": "b6c0197"
          }
        ],
        "ekit_section_parallax_multi_items": [],
        "flex_direction": "column",
        "flex_align_items": "stretch",
        "padding_mobile": {
          "unit": "px",
          "top": "35",
          "right": "15",
          "bottom": "35",
          "left": "15",
          "isLinked": false
        }
      },
      "elements": [
        {
          "id": "8ff97c9",
          "settings": {
            "title": "Request For Leave Form",
            "title_color": "#0D1427",
            "typography_typography": "custom",
            "typography_font_family": "IBM Plex Sans",
            "typography_font_size": {
              "unit": "px",
              "size": 26,
              "sizes": []
            },
            "typography_font_weight": "700",
            "typography_line_height": {
              "unit": "px",
              "size": 34,
              "sizes": []
            },
            "ekit_all_conditions_list": [
              {
                "_id": "63c841d"
              }
            ],
            "ekit_adv_tooltip_content": "Tooltip Content.",
            "typography_line_height_tablet": {
              "unit": "px",
              "size": "",
              "sizes": []
            },
            "typography_line_height_mobile": {
              "unit": "px",
              "size": "",
              "sizes": []
            },
            "_margin": {
              "unit": "px",
              "top": "0",
              "right": "0",
              "bottom": "46",
              "left": "0",
              "isLinked": false
            },
            "_padding": {
              "unit": "px",
              "top": "0",
              "right": "30",
              "bottom": "0",
              "left": "30",
              "isLinked": false
            },
            "_padding_tablet": {
              "unit": "px",
              "top": "0",
              "right": "0",
              "bottom": "0",
              "left": "0",
              "isLinked": false
            }
          },
          "elements": [],
          "isInner": false,
          "widgetType": "heading",
          "elType": "widget"
        },
        {
          "id": "59abcfa9",
          "settings": {
            "flex_gap": {
              "size": 15,
              "column": "15",
              "row": "15",
              "unit": "px"
            },
            "structure": "20",
            "ekit_all_conditions_list": [
              {
                "_id": "d26a008"
              }
            ],
            "ekit_section_parallax_multi_items": [],
            "flex_direction": "row",
            "flex_align_items": "stretch",
            "content_width": "full",
            "container_type": "grid",
            "grid_columns_grid": {
              "unit": "fr",
              "size": 2,
              "sizes": []
            },
            "grid_gaps": {
              "column": "30",
              "row": "37",
              "isLinked": false,
              "unit": "px"
            },
            "padding": {
              "unit": "px",
              "top": "0",
              "right": "30",
              "bottom": "0",
              "left": "30",
              "isLinked": false
            },
            "presetTitle": "Grid",
            "presetIcon": "eicon-container-grid",
            "padding_tablet": {
              "unit": "px",
              "top": "0",
              "right": "0",
              "bottom": "28",
              "left": "0",
              "isLinked": false
            }
          },
          "elements": [
            {
              "id": "37180e26",
              "settings": {
                "mf_input_label": "First Name",
                "mf_input_name": "mf-first-name",
                "mf_input_placeholder": "Anderson",
                "mf_input_help_text": "Enter your first name here",
                "mf_input_label_typography_typography": "custom",
                "mf_input_label_typography_font_family": "Helvetica",
                "mf_input_label_typography_font_size": {
                  "unit": "px",
                  "size": 18,
                  "sizes": []
                },
                "mf_input_label_typography_font_weight": "500",
                "mf_input_label_typography_line_height": {
                  "unit": "px",
                  "size": 21,
                  "sizes": []
                },
                "mf_input_min_length": 1,
                "mf_input_label_color": "#101010",
                "mf_input_label_margin": {
                  "unit": "px",
                  "top": "0",
                  "right": "0",
                  "bottom": "5",
                  "left": "0",
                  "isLinked": false
                },
                "mf_input_padding": {
                  "unit": "px",
                  "top": "15",
                  "right": "25",
                  "bottom": "15",
                  "left": "25",
                  "isLinked": false
                },
                "mf_input_color": "#101010",
                "mf_input_border_border": "solid",
                "mf_input_border_width": {
                  "unit": "px",
                  "top": "1",
                  "right": "1",
                  "bottom": "1",
                  "left": "1",
                  "isLinked": true
                },
                "mf_input_border_color": "#ededed",
                "mf_input_typgraphy_typography": "custom",
                "mf_input_typgraphy_font_family": "Helvetica",
                "mf_input_typgraphy_font_size": {
                  "unit": "px",
                  "size": 14,
                  "sizes": []
                },
                "mf_input_typgraphy_font_weight": "400",
                "mf_input_typgraphy_line_height": {
                  "unit": "px",
                  "size": 15,
                  "sizes": []
                },
                "mf_input_border_radius": {
                  "unit": "px",
                  "size": 5,
                  "sizes": []
                },
                "mf_input_box_shadow_box_shadow": {
                  "horizontal": 0,
                  "vertical": 3,
                  "blur": 5,
                  "spread": 0,
                  "color": "rgba(0,0,0,0.05)"
                },
                "mf_input_place_holder_typography_typography": "custom",
                "mf_input_place_holder_typography_font_family": "Helvetica",
                "mf_input_place_holder_typography_font_weight": "400",
                "mf_input_placeholder_color": "#999999",
                "mf_input_help_text_typography_typography": "custom",
                "mf_input_help_text_typography_font_family": "Helvetica",
                "mf_input_help_text_typography_font_size": {
                  "unit": "px",
                  "size": 12,
                  "sizes": []
                },
                "mf_input_help_text_typography_font_weight": "400",
                "mf_input_help_text_typography_font_style": "italic",
                "mf_input_help_text_typography_line_height": {
                  "unit": "px",
                  "size": 14,
                  "sizes": []
                },
                "mf_input_help_text_padding": {
                  "unit": "px",
                  "top": "3",
                  "right": "0",
                  "bottom": "0",
                  "left": "0",
                  "isLinked": false
                },
                "mf_input_required": "yes",
                "mf_input_required_indicator_color": "#FF0000",
                "mf_input_validation_warning_message": "This field is required.",
                "mf_input_help_text_color": "#555555",
                "mf_conditional_logic_form_list": [],
                "ekit_all_conditions_list": [
                  {
                    "_id": "1046ef7"
                  }
                ],
                "ekit_adv_tooltip_content": "Tooltip Content."
              },
              "elements": [],
              "isInner": false,
              "widgetType": "mf-text",
              "elType": "widget"
            },
            {
              "id": "3e1aeb4c",
              "settings": {
                "mf_input_label": "Last Name",
                "mf_input_name": "mf-last-name",
                "mf_input_placeholder": "Mikoo",
                "mf_input_help_text": "Enter your last name here",
                "mf_input_label_color": "#101010",
                "mf_input_label_typography_typography": "custom",
                "mf_input_label_typography_font_family": "Helvetica",
                "mf_input_label_typography_font_size": {
                  "unit": "px",
                  "size": 18,
                  "sizes": []
                },
                "mf_input_label_typography_font_weight": "500",
                "mf_input_label_typography_line_height": {
                  "unit": "px",
                  "size": 21,
                  "sizes": []
                },
                "mf_input_label_margin": {
                  "unit": "px",
                  "top": "0",
                  "right": "0",
                  "bottom": "5",
                  "left": "0",
                  "isLinked": false
                },
                "mf_input_padding": {
                  "unit": "px",
                  "top": "15",
                  "right": "25",
                  "bottom": "15",
                  "left": "25",
                  "isLinked": false
                },
                "mf_input_color": "#101010",
                "mf_input_border_border": "solid",
                "mf_input_border_width": {
                  "unit": "px",
                  "top": "1",
                  "right": "1",
                  "bottom": "1",
                  "left": "1",
                  "isLinked": true
                },
                "mf_input_border_color": "#ededed",
                "mf_input_typgraphy_typography": "custom",
                "mf_input_typgraphy_font_family": "Helvetica",
                "mf_input_typgraphy_font_size": {
                  "unit": "px",
                  "size": 14,
                  "sizes": []
                },
                "mf_input_typgraphy_font_weight": "400",
                "mf_input_typgraphy_line_height": {
                  "unit": "px",
                  "size": 15,
                  "sizes": []
                },
                "mf_input_border_radius": {
                  "unit": "px",
                  "size": 5,
                  "sizes": []
                },
                "mf_input_box_shadow_box_shadow": {
                  "horizontal": 0,
                  "vertical": 3,
                  "blur": 5,
                  "spread": 0,
                  "color": "rgba(0,0,0,0.05)"
                },
                "mf_input_place_holder_typography_typography": "custom",
                "mf_input_place_holder_typography_font_family": "Helvetica",
                "mf_input_place_holder_typography_font_weight": "400",
                "mf_input_placeholder_color": "#999999",
                "mf_input_help_text_typography_typography": "custom",
                "mf_input_help_text_typography_font_family": "Helvetica",
                "mf_input_help_text_typography_font_size": {
                  "unit": "px",
                  "size": 12,
                  "sizes": []
                },
                "mf_input_help_text_typography_font_weight": "400",
                "mf_input_help_text_typography_font_style": "italic",
                "mf_input_help_text_typography_line_height": {
                  "unit": "px",
                  "size": 14,
                  "sizes": []
                },
                "mf_input_help_text_padding": {
                  "unit": "px",
                  "top": "3",
                  "right": "0",
                  "bottom": "0",
                  "left": "0",
                  "isLinked": false
                },
                "mf_input_required": "yes",
                "mf_input_required_indicator_color": "#FF0000",
                "mf_input_validation_warning_message": "This field is required.",
                "mf_input_help_text_color": "#555555",
                "mf_conditional_logic_form_list": [],
                "ekit_all_conditions_list": [
                  {
                    "_id": "1487e8f"
                  }
                ],
                "ekit_adv_tooltip_content": "Tooltip Content."
              },
              "elements": [],
              "isInner": false,
              "widgetType": "mf-text",
              "elType": "widget"
            },
            {
              "id": "60eda1fa",
              "settings": {
                "mf_input_label": "Employee ID",
                "mf_input_name": "mf-employee-id",
                "mf_input_placeholder": "",
                "mf_input_help_text": "Enter your given id here",
                "mf_input_label_typography_typography": "custom",
                "mf_input_label_typography_font_family": "Helvetica",
                "mf_input_label_typography_font_size": {
                  "unit": "px",
                  "size": 18,
                  "sizes": []
                },
                "mf_input_label_typography_font_weight": "500",
                "mf_input_label_typography_line_height": {
                  "unit": "px",
                  "size": 21,
                  "sizes": []
                },
                "mf_input_min_length": 1,
                "mf_input_label_color": "#101010",
                "mf_input_label_margin": {
                  "unit": "px",
                  "top": "0",
                  "right": "0",
                  "bottom": "5",
                  "left": "0",
                  "isLinked": false
                },
                "mf_input_padding": {
                  "unit": "px",
                  "top": "15",
                  "right": "25",
                  "bottom": "15",
                  "left": "25",
                  "isLinked": false
                },
                "mf_input_color": "#101010",
                "mf_input_border_border": "solid",
                "mf_input_border_width": {
                  "unit": "px",
                  "top": "1",
                  "right": "1",
                  "bottom": "1",
                  "left": "1",
                  "isLinked": true
                },
                "mf_input_border_color": "#ededed",
                "mf_input_typgraphy_typography": "custom",
                "mf_input_typgraphy_font_family": "Helvetica",
                "mf_input_typgraphy_font_size": {
                  "unit": "px",
                  "size": 14,
                  "sizes": []
                },
                "mf_input_typgraphy_font_weight": "400",
                "mf_input_typgraphy_line_height": {
                  "unit": "px",
                  "size": 15,
                  "sizes": []
                },
                "mf_input_border_radius": {
                  "unit": "px",
                  "size": 5,
                  "sizes": []
                },
                "mf_input_box_shadow_box_shadow": {
                  "horizontal": 0,
                  "vertical": 3,
                  "blur": 5,
                  "spread": 0,
                  "color": "rgba(0,0,0,0.05)"
                },
                "mf_input_place_holder_typography_typography": "custom",
                "mf_input_place_holder_typography_font_family": "Helvetica",
                "mf_input_place_holder_typography_font_weight": "400",
                "mf_input_placeholder_color": "#999999",
                "mf_input_help_text_typography_typography": "custom",
                "mf_input_help_text_typography_font_family": "Helvetica",
                "mf_input_help_text_typography_font_size": {
                  "unit": "px",
                  "size": 12,
                  "sizes": []
                },
                "mf_input_help_text_typography_font_weight": "400",
                "mf_input_help_text_typography_font_style": "italic",
                "mf_input_help_text_typography_line_height": {
                  "unit": "px",
                  "size": 14,
                  "sizes": []
                },
                "mf_input_help_text_padding": {
                  "unit": "px",
                  "top": "3",
                  "right": "0",
                  "bottom": "0",
                  "left": "0",
                  "isLinked": false
                },
                "mf_input_required": "yes",
                "mf_input_required_indicator_color": "#FF0000",
                "mf_input_validation_warning_message": "This field is required.",
                "mf_input_help_text_color": "#555555",
                "mf_conditional_logic_form_list": [],
                "ekit_all_conditions_list": [
                  {
                    "_id": "312426c"
                  }
                ],
                "ekit_adv_tooltip_content": "Tooltip Content."
              },
              "elements": [],
              "isInner": false,
              "widgetType": "mf-text",
              "elType": "widget"
            },
            {
              "id": "687bfefc",
              "settings": {
                "mf_input_label": "Position",
                "mf_input_name": "mf-position",
                "mf_input_placeholder": "",
                "mf_input_label_typography_typography": "custom",
                "mf_input_label_typography_font_family": "Helvetica",
                "mf_input_label_typography_font_size": {
                  "unit": "px",
                  "size": 18,
                  "sizes": []
                },
                "mf_input_label_typography_font_weight": "500",
                "mf_input_label_typography_line_height": {
                  "unit": "px",
                  "size": 21,
                  "sizes": []
                },
                "mf_input_min_length": 1,
                "mf_input_label_color": "#101010",
                "mf_input_label_margin": {
                  "unit": "px",
                  "top": "0",
                  "right": "0",
                  "bottom": "5",
                  "left": "0",
                  "isLinked": false
                },
                "mf_input_padding": {
                  "unit": "px",
                  "top": "15",
                  "right": "25",
                  "bottom": "15",
                  "left": "25",
                  "isLinked": false
                },
                "mf_input_color": "#101010",
                "mf_input_border_border": "solid",
                "mf_input_border_width": {
                  "unit": "px",
                  "top": "1",
                  "right": "1",
                  "bottom": "1",
                  "left": "1",
                  "isLinked": true
                },
                "mf_input_border_color": "#ededed",
                "mf_input_typgraphy_typography": "custom",
                "mf_input_typgraphy_font_family": "Helvetica",
                "mf_input_typgraphy_font_size": {
                  "unit": "px",
                  "size": 14,
                  "sizes": []
                },
                "mf_input_typgraphy_font_weight": "400",
                "mf_input_typgraphy_line_height": {
                  "unit": "px",
                  "size": 15,
                  "sizes": []
                },
                "mf_input_border_radius": {
                  "unit": "px",
                  "size": 5,
                  "sizes": []
                },
                "mf_input_box_shadow_box_shadow": {
                  "horizontal": 0,
                  "vertical": 3,
                  "blur": 5,
                  "spread": 0,
                  "color": "rgba(0,0,0,0.05)"
                },
                "mf_input_place_holder_typography_typography": "custom",
                "mf_input_place_holder_typography_font_family": "Helvetica",
                "mf_input_place_holder_typography_font_weight": "400",
                "mf_input_placeholder_color": "#999999",
                "mf_input_help_text_typography_typography": "custom",
                "mf_input_help_text_typography_font_family": "Helvetica",
                "mf_input_help_text_typography_font_size": {
                  "unit": "px",
                  "size": 12,
                  "sizes": []
                },
                "mf_input_help_text_typography_font_weight": "400",
                "mf_input_help_text_typography_font_style": "italic",
                "mf_input_help_text_typography_line_height": {
                  "unit": "px",
                  "size": 14,
                  "sizes": []
                },
                "mf_input_help_text_padding": {
                  "unit": "px",
                  "top": "3",
                  "right": "0",
                  "bottom": "0",
                  "left": "0",
                  "isLinked": false
                },
                "mf_input_required": "yes",
                "mf_input_required_indicator_color": "#FF0000",
                "mf_input_validation_warning_message": "This field is required.",
                "mf_input_help_text_color": "#555555",
                "mf_conditional_logic_form_list": [],
                "ekit_all_conditions_list": [
                  {
                    "_id": "8f930ad"
                  }
                ],
                "ekit_adv_tooltip_content": "Tooltip Content."
              },
              "elements": [],
              "isInner": false,
              "widgetType": "mf-text",
              "elType": "widget"
            },
            {
              "id": "194e15d5",
              "settings": {
                "mf_input_label": "Leave Start",
                "mf_input_name": "mf-leave-start",
                "mf_input_placeholder": "MM - DD - YYYY",
                "mf_input_required": "yes",
                "mf_input_label_color": "#101010",
                "mf_input_label_typography_typography": "custom",
                "mf_input_label_typography_font_family": "Helvetica",
                "mf_input_label_typography_font_size": {
                  "unit": "px",
                  "size": 18,
                  "sizes": []
                },
                "mf_input_label_typography_font_weight": "500",
                "mf_input_label_typography_line_height": {
                  "unit": "px",
                  "size": 21,
                  "sizes": []
                },
                "mf_input_label_margin": {
                  "unit": "px",
                  "top": "0",
                  "right": "0",
                  "bottom": "5",
                  "left": "0",
                  "isLinked": false
                },
                "mf_input_required_indicator_color": "#FF0000",
                "mf_input_padding": {
                  "unit": "px",
                  "top": "15",
                  "right": "25",
                  "bottom": "15",
                  "left": "25",
                  "isLinked": false
                },
                "mf_input_color": "#101010",
                "mf_input_border_border": "solid",
                "mf_input_border_width": {
                  "unit": "px",
                  "top": "1",
                  "right": "1",
                  "bottom": "1",
                  "left": "1",
                  "isLinked": true
                },
                "mf_input_border_color": "#ededed",
                "mf_input_typgraphy_typography": "custom",
                "mf_input_typgraphy_font_family": "Helvetica",
                "mf_input_typgraphy_font_size": {
                  "unit": "px",
                  "size": 14,
                  "sizes": []
                },
                "mf_input_typgraphy_font_weight": "400",
                "mf_input_typgraphy_line_height": {
                  "unit": "px",
                  "size": 15,
                  "sizes": []
                },
                "mf_input_border_radius": {
                  "unit": "px",
                  "size": 5,
                  "sizes": []
                },
                "mf_input_box_shadow_box_shadow": {
                  "horizontal": 0,
                  "vertical": 3,
                  "blur": 5,
                  "spread": 0,
                  "color": "rgba(0,0,0,0.05)"
                },
                "mf_input_help_text_typography_typography": "custom",
                "mf_input_help_text_typography_font_family": "Helvetica",
                "mf_input_help_text_typography_font_size": {
                  "unit": "px",
                  "size": 12,
                  "sizes": []
                },
                "mf_input_help_text_typography_font_weight": "400",
                "mf_input_help_text_typography_font_style": "italic",
                "mf_input_help_text_typography_line_height": {
                  "unit": "px",
                  "size": 14,
                  "sizes": []
                },
                "mf_input_help_text_padding": {
                  "unit": "px",
                  "top": "3",
                  "right": "0",
                  "bottom": "0",
                  "left": "0",
                  "isLinked": false
                },
                "mf_input_validation_warning_message": "This field is required.",
                "mf_input_place_holder_typography_typography": "custom",
                "mf_input_place_holder_typography_font_family": "Helvetica",
                "mf_input_place_holder_typography_font_weight": "400",
                "mf_input_placeholder_color": "#999999",
                "mf_input_help_text_color": "#555555",
                "mf_input_disable_date_list": [],
                "mf_conditional_logic_form_list": [],
                "ekit_all_conditions_list": [
                  {
                    "_id": "5e3a0d4"
                  }
                ],
                "ekit_adv_tooltip_content": "Tooltip Content."
              },
              "elements": [],
              "isInner": false,
              "widgetType": "mf-date",
              "elType": "widget"
            },
            {
              "id": "29f38263",
              "settings": {
                "mf_input_label": "Leave End",
                "mf_input_name": "mf-leave-end",
                "mf_input_placeholder": "MM - DD - YYYY",
                "mf_input_required": "yes",
                "mf_input_label_color": "#101010",
                "mf_input_label_typography_typography": "custom",
                "mf_input_label_typography_font_family": "Helvetica",
                "mf_input_label_typography_font_size": {
                  "unit": "px",
                  "size": 18,
                  "sizes": []
                },
                "mf_input_label_typography_font_weight": "500",
                "mf_input_label_typography_line_height": {
                  "unit": "px",
                  "size": 21,
                  "sizes": []
                },
                "mf_input_label_margin": {
                  "unit": "px",
                  "top": "0",
                  "right": "0",
                  "bottom": "5",
                  "left": "0",
                  "isLinked": false
                },
                "mf_input_required_indicator_color": "#FF0000",
                "mf_input_padding": {
                  "unit": "px",
                  "top": "15",
                  "right": "25",
                  "bottom": "15",
                  "left": "25",
                  "isLinked": false
                },
                "mf_input_color": "#101010",
                "mf_input_border_border": "solid",
                "mf_input_border_width": {
                  "unit": "px",
                  "top": "1",
                  "right": "1",
                  "bottom": "1",
                  "left": "1",
                  "isLinked": true
                },
                "mf_input_border_color": "#ededed",
                "mf_input_typgraphy_typography": "custom",
                "mf_input_typgraphy_font_family": "Helvetica",
                "mf_input_typgraphy_font_size": {
                  "unit": "px",
                  "size": 14,
                  "sizes": []
                },
                "mf_input_typgraphy_font_weight": "400",
                "mf_input_typgraphy_line_height": {
                  "unit": "px",
                  "size": 15,
                  "sizes": []
                },
                "mf_input_border_radius": {
                  "unit": "px",
                  "size": 5,
                  "sizes": []
                },
                "mf_input_box_shadow_box_shadow": {
                  "horizontal": 0,
                  "vertical": 3,
                  "blur": 5,
                  "spread": 0,
                  "color": "rgba(0,0,0,0.05)"
                },
                "mf_input_help_text_typography_typography": "custom",
                "mf_input_help_text_typography_font_family": "Helvetica",
                "mf_input_help_text_typography_font_size": {
                  "unit": "px",
                  "size": 12,
                  "sizes": []
                },
                "mf_input_help_text_typography_font_weight": "400",
                "mf_input_help_text_typography_font_style": "italic",
                "mf_input_help_text_typography_line_height": {
                  "unit": "px",
                  "size": 14,
                  "sizes": []
                },
                "mf_input_help_text_padding": {
                  "unit": "px",
                  "top": "3",
                  "right": "0",
                  "bottom": "0",
                  "left": "0",
                  "isLinked": false
                },
                "mf_input_validation_warning_message": "This field is required.",
                "mf_input_place_holder_typography_typography": "custom",
                "mf_input_place_holder_typography_font_family": "Helvetica",
                "mf_input_place_holder_typography_font_weight": "400",
                "mf_input_placeholder_color": "#999999",
                "mf_input_help_text_color": "#555555",
                "mf_input_disable_date_list": [],
                "mf_conditional_logic_form_list": [],
                "ekit_all_conditions_list": [
                  {
                    "_id": "a52b875"
                  }
                ],
                "ekit_adv_tooltip_content": "Tooltip Content."
              },
              "elements": [],
              "isInner": false,
              "widgetType": "mf-date",
              "elType": "widget"
            }
          ],
          "isInner": true,
          "elType": "container"
        },
        {
          "id": "645d6d3c",
          "settings": {
            "mf_input_label": "Manager",
            "mf_input_name": "mf-manager",
            "mf_input_placeholder": "",
            "mf_input_label_typography_typography": "custom",
            "mf_input_label_typography_font_family": "Helvetica",
            "mf_input_label_typography_font_size": {
              "unit": "px",
              "size": 18,
              "sizes": []
            },
            "mf_input_label_typography_font_weight": "500",
            "mf_input_label_typography_line_height": {
              "unit": "px",
              "size": 21,
              "sizes": []
            },
            "mf_input_min_length": 1,
            "mf_input_label_color": "#101010",
            "mf_input_label_margin": {
              "unit": "px",
              "top": "0",
              "right": "0",
              "bottom": "5",
              "left": "0",
              "isLinked": false
            },
            "mf_input_padding": {
              "unit": "px",
              "top": "15",
              "right": "25",
              "bottom": "15",
              "left": "25",
              "isLinked": false
            },
            "mf_input_color": "#101010",
            "mf_input_border_border": "solid",
            "mf_input_border_width": {
              "unit": "px",
              "top": "1",
              "right": "1",
              "bottom": "1",
              "left": "1",
              "isLinked": true
            },
            "mf_input_border_color": "#ededed",
            "mf_input_typgraphy_typography": "custom",
            "mf_input_typgraphy_font_family": "Helvetica",
            "mf_input_typgraphy_font_size": {
              "unit": "px",
              "size": 14,
              "sizes": []
            },
            "mf_input_typgraphy_font_weight": "400",
            "mf_input_typgraphy_line_height": {
              "unit": "px",
              "size": 15,
              "sizes": []
            },
            "mf_input_border_radius": {
              "unit": "px",
              "size": 5,
              "sizes": []
            },
            "mf_input_box_shadow_box_shadow": {
              "horizontal": 0,
              "vertical": 3,
              "blur": 5,
              "spread": 0,
              "color": "rgba(0,0,0,0.05)"
            },
            "mf_input_place_holder_typography_typography": "custom",
            "mf_input_place_holder_typography_font_family": "Helvetica",
            "mf_input_place_holder_typography_font_weight": "400",
            "mf_input_placeholder_color": "#999999",
            "mf_input_help_text_typography_typography": "custom",
            "mf_input_help_text_typography_font_family": "Helvetica",
            "mf_input_help_text_typography_font_size": {
              "unit": "px",
              "size": 12,
              "sizes": []
            },
            "mf_input_help_text_typography_font_weight": "400",
            "mf_input_help_text_typography_font_style": "italic",
            "mf_input_help_text_typography_line_height": {
              "unit": "px",
              "size": 14,
              "sizes": []
            },
            "mf_input_help_text_padding": {
              "unit": "px",
              "top": "3",
              "right": "0",
              "bottom": "0",
              "left": "0",
              "isLinked": false
            },
            "mf_input_required": "yes",
            "mf_input_required_indicator_color": "#FF0000",
            "mf_input_validation_warning_message": "This field is required.",
            "mf_input_help_text_color": "#555555",
            "mf_conditional_logic_form_list": [],
            "ekit_all_conditions_list": [
              {
                "_id": "7d65773"
              }
            ],
            "ekit_adv_tooltip_content": "Tooltip Content."
          },
          "elements": [],
          "isInner": false,
          "widgetType": "mf-text",
          "elType": "widget"
        },
        {
          "id": "7fc56097",
          "settings": {
            "mf_input_label": "Phone Number",
            "mf_input_name": "mf-phone",
            "mf_input_placeholder": "",
            "mf_input_help_text": "Example: +1 212-695-1962",
            "mf_input_required": "yes",
            "mf_input_label_color": "#101010",
            "mf_input_label_typography_typography": "custom",
            "mf_input_label_typography_font_family": "Helvetica",
            "mf_input_label_typography_font_size": {
              "unit": "px",
              "size": 18,
              "sizes": []
            },
            "mf_input_label_typography_font_weight": "500",
            "mf_input_label_typography_line_height": {
              "unit": "px",
              "size": 21,
              "sizes": []
            },
            "mf_input_label_margin": {
              "unit": "px",
              "top": "0",
              "right": "0",
              "bottom": "5",
              "left": "0",
              "isLinked": false
            },
            "mf_input_required_indicator_color": "#FF0000",
            "mf_input_padding": {
              "unit": "px",
              "top": "15",
              "right": "25",
              "bottom": "15",
              "left": "25",
              "isLinked": false
            },
            "mf_input_color": "#101010",
            "mf_input_border_border": "solid",
            "mf_input_border_width": {
              "unit": "px",
              "top": "1",
              "right": "1",
              "bottom": "1",
              "left": "1",
              "isLinked": true
            },
            "mf_input_border_color": "#ededed",
            "mf_input_typgraphy_typography": "custom",
            "mf_input_typgraphy_font_family": "Helvetica",
            "mf_input_typgraphy_font_size": {
              "unit": "px",
              "size": 14,
              "sizes": []
            },
            "mf_input_typgraphy_font_weight": "400",
            "mf_input_typgraphy_line_height": {
              "unit": "px",
              "size": 15,
              "sizes": []
            },
            "mf_input_border_radius": {
              "unit": "px",
              "size": 5,
              "sizes": []
            },
            "mf_input_box_shadow_box_shadow": {
              "horizontal": 0,
              "vertical": 3,
              "blur": 5,
              "spread": 0,
              "color": "rgba(0,0,0,0.05)"
            },
            "mf_input_place_holder_typography_typography": "custom",
            "mf_input_place_holder_typography_font_family": "Helvetica",
            "mf_input_place_holder_typography_font_weight": "400",
            "mf_input_placeholder_color": "#999999",
            "mf_input_help_text_typography_typography": "custom",
            "mf_input_help_text_typography_font_family": "Helvetica",
            "mf_input_help_text_typography_font_size": {
              "unit": "px",
              "size": 12,
              "sizes": []
            },
            "mf_input_help_text_typography_font_weight": "400",
            "mf_input_help_text_typography_font_style": "italic",
            "mf_input_help_text_typography_line_height": {
              "unit": "px",
              "size": 14,
              "sizes": []
            },
            "mf_input_help_text_padding": {
              "unit": "px",
              "top": "3",
              "right": "0",
              "bottom": "0",
              "left": "0",
              "isLinked": false
            },
            "_padding": {
              "unit": "px",
              "top": "40",
              "right": "0",
              "bottom": "0",
              "left": "0",
              "isLinked": false
            },
            "mf_input_validation_warning_message": "This field is required.",
            "mf_input_help_text_color": "#555555",
            "mf_conditional_logic_form_list": [],
            "ekit_all_conditions_list": [
              {
                "_id": "3b9e620"
              }
            ],
            "ekit_adv_tooltip_content": "Tooltip Content."
          },
          "elements": [],
          "isInner": false,
          "widgetType": "mf-telephone",
          "elType": "widget"
        },
        {
          "id": "342bc98e",
          "settings": {
            "mf_input_label": "Leave Type",
            "mf_input_name": "mf-leave-type",
            "mf_input_display_option": "block",
            "mf_input_list": [
              {
                "mf_input_option_text": "Vacation",
                "mf_input_option_value": "vacation",
                "_id": "87f3be6"
              },
              {
                "mf_input_option_text": "Sick",
                "mf_input_option_value": "sick",
                "_id": "02d4f80"
              },
              {
                "mf_input_option_text": "Quiting",
                "mf_input_option_value": "quiting",
                "_id": "87337a0"
              },
              {
                "mf_input_option_text": "Other",
                "mf_input_option_value": "other",
                "_id": "1104b1d"
              }
            ],
            "mf_input_label_color": "#101010",
            "mf_input_label_typography_typography": "custom",
            "mf_input_label_typography_font_family": "Helvetica",
            "mf_input_label_typography_font_size": {
              "unit": "px",
              "size": 18,
              "sizes": []
            },
            "mf_input_label_typography_font_weight": "500",
            "mf_input_label_typography_line_height": {
              "unit": "px",
              "size": 21,
              "sizes": []
            },
            "mf_input_label_margin": {
              "unit": "px",
              "top": "0",
              "right": "0",
              "bottom": "5",
              "left": "0",
              "isLinked": false
            },
            "mf_input_required_indicator_color": "#FF0000",
            "mf_input_typgraphy_typography": "custom",
            "mf_input_typgraphy_font_family": "Helvetica",
            "mf_input_typgraphy_font_size": {
              "unit": "px",
              "size": 14,
              "sizes": []
            },
            "mf_input_typgraphy_line_height": {
              "unit": "px",
              "size": 15,
              "sizes": []
            },
            "mf_input_help_text_typography_typography": "custom",
            "mf_input_help_text_typography_font_family": "Helvetica",
            "mf_input_help_text_typography_font_size": {
              "unit": "px",
              "size": 12,
              "sizes": []
            },
            "mf_input_help_text_typography_font_weight": "400",
            "mf_input_help_text_typography_font_style": "italic",
            "mf_input_help_text_typography_line_height": {
              "unit": "px",
              "size": 14,
              "sizes": []
            },
            "mf_input_help_text_padding": {
              "unit": "px",
              "top": "3",
              "right": "0",
              "bottom": "0",
              "left": "0",
              "isLinked": false
            },
            "_padding": {
              "unit": "px",
              "top": "37",
              "right": "0",
              "bottom": "0",
              "left": "0",
              "isLinked": false
            },
            "mf_input_option_color": "#666666",
            "mf_input_option_icon_color": "#959595",
            "mf_input_required": "yes",
            "mf_input_typgraphy_font_weight": "400",
            "mf_input_option_padding": {
              "unit": "px",
              "top": "11",
              "right": "0",
              "bottom": "0",
              "left": "0",
              "isLinked": false
            },
            "mf_input_option_icon_horizontal_position": {
              "unit": "px",
              "size": -1,
              "sizes": []
            },
            "mf_input_typgraphy_text_typography": "custom",
            "mf_input_typgraphy_text_font_family": "Helvetica",
            "mf_input_typgraphy_text_font_size": {
              "unit": "px",
              "size": 18,
              "sizes": []
            },
            "mf_input_typgraphy_text_font_weight": "400",
            "mf_input_typgraphy_text_line_height": {
              "unit": "px",
              "size": 21,
              "sizes": []
            },
            "mf_input_validation_warning_message": "This field is required.",
            "mf_input_help_text_color": "#555555",
            "mf_conditional_logic_form_list": [],
            "ekit_all_conditions_list": [
              {
                "_id": "c1539f0"
              }
            ],
            "ekit_adv_tooltip_content": "Tooltip Content."
          },
          "elements": [],
          "isInner": false,
          "widgetType": "mf-radio",
          "elType": "widget"
        },
        {
          "id": "64819b4b",
          "settings": {
            "mf_input_label": "Comments",
            "mf_input_name": "mf-comments",
            "mf_input_placeholder": "",
            "mf_input_required": "yes",
            "mf_input_label_color": "#101010",
            "mf_input_label_typography_typography": "custom",
            "mf_input_label_typography_font_family": "Helvetica",
            "mf_input_label_typography_font_size": {
              "unit": "px",
              "size": 18,
              "sizes": []
            },
            "mf_input_label_typography_font_weight": "500",
            "mf_input_label_typography_line_height": {
              "unit": "px",
              "size": 21,
              "sizes": []
            },
            "mf_input_label_margin": {
              "unit": "px",
              "top": "0",
              "right": "0",
              "bottom": "5",
              "left": "0",
              "isLinked": false
            },
            "mf_input_required_indicator_color": "#FF0000",
            "mf_input_padding": {
              "unit": "px",
              "top": "15",
              "right": "25",
              "bottom": "15",
              "left": "25",
              "isLinked": false
            },
            "mf_input_color": "#101010",
            "mf_input_border_border": "solid",
            "mf_input_border_width": {
              "unit": "px",
              "top": "1",
              "right": "1",
              "bottom": "1",
              "left": "1",
              "isLinked": true
            },
            "mf_input_border_color": "#ededed",
            "mf_input_typgraphy_typography": "custom",
            "mf_input_typgraphy_font_family": "Helvetica",
            "mf_input_typgraphy_font_size": {
              "unit": "px",
              "size": 14,
              "sizes": []
            },
            "mf_input_typgraphy_font_weight": "400",
            "mf_input_typgraphy_line_height": {
              "unit": "px",
              "size": 15,
              "sizes": []
            },
            "mf_input_border_radius": {
              "unit": "px",
              "size": 5,
              "sizes": []
            },
            "mf_input_box_shadow_box_shadow": {
              "horizontal": 0,
              "vertical": 3,
              "blur": 5,
              "spread": 0,
              "color": "rgba(0,0,0,0.05)"
            },
            "mf_input_place_holder_typography_typography": "custom",
            "mf_input_place_holder_typography_font_family": "Helvetica",
            "mf_input_place_holder_typography_font_weight": "400",
            "mf_input_placeholder_color": "#999999",
            "mf_input_help_text_typography_typography": "custom",
            "mf_input_help_text_typography_font_family": "Helvetica",
            "mf_input_help_text_typography_font_size": {
              "unit": "px",
              "size": 12,
              "sizes": []
            },
            "mf_input_help_text_typography_font_weight": "400",
            "mf_input_help_text_typography_font_style": "italic",
            "mf_input_help_text_typography_line_height": {
              "unit": "px",
              "size": 14,
              "sizes": []
            },
            "mf_input_help_text_padding": {
              "unit": "px",
              "top": "3",
              "right": "0",
              "bottom": "0",
              "left": "0",
              "isLinked": false
            },
            "mf_textarea_field_height": {
              "unit": "px",
              "size": 140,
              "sizes": []
            },
            "mf_input_help_text": "Leave a comment. Please be brief as much as possible",
            "_padding": {
              "unit": "px",
              "top": "34",
              "right": "0",
              "bottom": "0",
              "left": "0",
              "isLinked": false
            },
            "mf_input_validation_warning_message": "This field is required.",
            "mf_input_help_text_color": "#555555",
            "mf_conditional_logic_form_list": [],
            "ekit_all_conditions_list": [
              {
                "_id": "8e2e68e"
              }
            ],
            "ekit_adv_tooltip_content": "Tooltip Content."
          },
          "elements": [],
          "isInner": false,
          "widgetType": "mf-textarea",
          "elType": "widget"
        },
        {
          "id": "6c9a0ebc",
          "settings": {
            "mf_btn_text": "Apply",
            "mf_btn_align": "left",
            "mf_btn_text_padding": {
              "unit": "px",
              "top": "15",
              "right": "50",
              "bottom": "15",
              "left": "50",
              "isLinked": false
            },
            "mf_btn_typography_typography": "custom",
            "mf_btn_typography_font_family": "Helvetica",
            "mf_btn_typography_font_size": {
              "unit": "px",
              "size": 16,
              "sizes": []
            },
            "mf_btn_typography_font_weight": "500",
            "mf_btn_typography_line_height": {
              "unit": "px",
              "size": 18,
              "sizes": []
            },
            "mf_btn_bg_color_background": "classic",
            "mf_btn_bg_color_color": "#4285f4",
            "mf_btn_box_shadow_group_box_shadow_type": "yes",
            "mf_btn_box_shadow_group_box_shadow": {
              "horizontal": 0,
              "vertical": 7,
              "blur": 15,
              "spread": 0,
              "color": "rgba(66,133,244,0.3)"
            },
            "_margin": {
              "unit": "px",
              "top": "40",
              "right": "0",
              "bottom": "0",
              "left": "0",
              "isLinked": false
            },
            "mf_conditional_logic_form_list": [],
            "mf_hidden_input": [],
            "ekit_all_conditions_list": [
              {
                "_id": "7e1b826"
              }
            ],
            "ekit_adv_tooltip_content": "Tooltip Content."
          },
          "elements": [],
          "isInner": false,
          "widgetType": "mf-button",
          "elType": "widget"
        }
      ],
      "isInner": false,
      "elType": "container"
    }
  ],
  "page_settings": [],
  "version": "0.4",
  "title": "request-for-leave",
  "type": "page"
}